Genero_Usuario,Edad_Usuario,Bici,Ciclo_Estacion_Retiro,Fecha_Retiro,Hora_Retiro,Ciclo_Estacion_Arribo,Fecha_Arribo,Hora_Arribo
M,28,0069,85,2010-02-16,12:42:32.160000,85,2010-02-16,12:45:37.427000
M,30,0011,85,2010-02-16,12:53:29.950000,26,2010-02-16,13:22:23.737000
M,37,0043,85,2010-02-16,13:21:46.440000,13,2010-02-16,13:49:47.190000
M,37,0826,22,2010-02-16,14:06:40.480000,85,2010-02-16,14:23:13.567000
M,19,0662,27,2010-02-16,15:31:15.603000,74,2010-02-16,16:29:17.150000
F,25,0008,85,2010-02-16,16:31:53.100000,20,2010-02-16,16:49:26.723000
F,31,0005,85,2010-02-16,16:33:25.400000,20,2010-02-16,16:49:28.973000
M,28,0680,20,2010-02-16,17:06:18.487000,25,2010-02-16,17:22:56.547000
M,28,0618,20,2010-02-16,17:30:14.333000,17,2010-02-16,17:48:24.583000
M,32,0812,49,2010-02-16,18:10:21.337000,72,2010-02-16,18:16:21.213000
M,32,0711,66,2010-02-16,18:27:19.970000,49,2010-02-16,18:34:46.457000
M,19,0651,15,2010-02-16,21:32:38.827000,25,2010-02-16,21:40:02.347000
M,19,0578,25,2010-02-16,22:40:27.770000,6,2010-02-16,22:46:54.603000
M,19,0578,6,2010-02-16,22:57:57.703000,8,2010-02-16,23:06:45.900000
M,37,0615,20,2010-02-17,13:33:32.603000,20,2010-02-17,13:36:13.190000
M,31,0008,20,2010-02-17,14:01:25.730000,20,2010-02-17,14:09:13.983000
M,37,0005,20,2010-02-17,14:09:41.313000,20,2010-02-17,14:26:17.913000
M,31,0658,20,2010-02-17,14:27:10.587000,20,2010-02-17,14:37:42.407000
M,37,0615,20,2010-02-17,14:36:37.733000,20,2010-02-17,14:42:49.857000
M,31,0165,20,2010-02-17,14:48:32.167000,20,2010-02-17,14:55:54.527000
M,32,0008,20,2010-02-17,15:14:54.327000,85,2010-02-17,18:01:36.490000
M,37,0629,20,2010-02-17,15:15:10.460000,85,2010-02-17,15:47:11.873000
M,37,0029,85,2010-02-17,15:57:41.693000,85,2010-02-17,16:02:20.807000
M,45,0442,85,2010-02-17,15:59:43.617000,17,2010-02-17,16:10:01.780000
M,31,0630,19,2010-02-17,16:21:01.757000,17,2010-02-17,16:24:48.743000
M,31,0424,17,2010-02-17,16:28:07.700000,13,2010-02-17,16:32:33.097000
M,19,0605,23,2010-02-17,16:32:37.347000,26,2010-02-17,16:36:30.067000
M,31,0081,45,2010-02-17,17:26:22.917000,83,2010-02-17,17:32:48.313000
M,19,0656,26,2010-02-17,17:28:39.433000,27,2010-02-17,17:33:14.377000
M,19,0815,27,2010-02-17,18:22:36.743000,23,2010-02-17,18:33:58.690000
M,19,0606,23,2010-02-17,18:44:31.120000,46,2010-02-17,18:59:20.223000
M,19,0609,46,2010-02-17,19:28:16.993000,74,2010-02-17,19:57:50.003000
M,19,0567,74,2010-02-17,20:10:25.090000,5,2010-02-17,20:32:29.060000
M,19,0567,5,2010-02-17,20:54:31.327000,5,2010-02-17,21:01:14.770000
M,40,0922,34,2010-02-18,08:00:47,20,2010-02-18,08:07:09.157000
M,28,0448,74,2010-02-18,11:24:42.327000,80,2010-02-18,11:31:43.473000
M,23,0036,85,2010-02-18,13:18:05.510000,15,2010-02-18,15:03:10.027000
M,25,0826,85,2010-02-18,13:30:07.757000,5,2010-02-18,13:35:50.300000
M,28,0039,6,2010-02-18,14:42:11.153000,31,2010-02-18,14:50:02.627000
M,40,0707,20,2010-02-18,15:04:34.880000,34,2010-02-18,19:56:11.723000
M,31,0539,18,2010-02-18,15:25:25.927000,13,2010-02-18,15:30:23.580000
M,32,0513,50,2010-02-18,15:31:38.457000,79,2010-02-18,15:48:22.920000
M,23,0523,85,2010-02-18,15:55:34.147000,85,2010-02-18,15:58:00.023000
M,32,0694,72,2010-02-18,15:58:57.913000,78,2010-02-18,16:02:13.357000
M,23,0433,85,2010-02-18,16:00:01.807000,50,2010-02-18,16:21:59.700000
M,28,0444,85,2010-02-18,16:04:19.433000,49,2010-02-18,20:24:49.480000
M,31,0135,37,2010-02-18,16:05:44.810000,83,2010-02-18,16:14:05.690000
M,32,0347,78,2010-02-18,16:26:30.553000,50,2010-02-18,16:33:33.537000
M,35,0468,85,2010-02-18,17:16:48.693000,13,2010-02-18,17:30:22.933000
M,19,0633,22,2010-02-18,17:36:26.227000,27,2010-02-18,17:46:15.907000
M,23,0828,21,2010-02-18,18:03:01.137000,19,2010-02-18,18:17:07.950000
M,31,0879,19,2010-02-18,18:12:41.093000,31,2010-02-18,18:19:26.533000
M,19,0093,30,2010-02-18,18:17:46.373000,46,2010-02-18,18:29:31.800000
M,23,0657,27,2010-02-18,18:37:37.773000,55,2010-02-18,19:11:05.267000
M,27,0394,17,2010-02-18,19:05:05.560000,34,2010-02-18,19:11:00.400000
M,45,0567,5,2010-02-18,19:09:02.767000,34,2010-02-18,19:26:17.387000
M,19,0610,46,2010-02-18,19:20:53.250000,46,2010-02-18,19:34:16.423000
M,19,0788,45,2010-02-18,19:47:31,30,2010-02-18,20:03:32.113000
M,19,0313,30,2010-02-18,20:13:39.013000,8,2010-02-18,20:22:28.323000
M,28,0652,49,2010-02-18,20:38:00.177000,60,2010-02-18,21:00:11.617000
M,40,0081,83,2010-02-18,21:55:53.223000,78,2010-02-18,22:02:57.167000
M,46,0449,17,2010-02-18,22:09:25.140000,20,2010-02-18,22:16:52.187000
M,27,0015,34,2010-02-19,09:28:17.520000,17,2010-02-19,09:34:42.723000
M,29,0029,85,2010-02-19,09:49:47.273000,18,2010-02-19,10:15:39.427000
M,46,0428,20,2010-02-19,10:03:56.813000,17,2010-02-19,10:09:36.333000
M,29,0925,63,2010-02-19,10:45:35.137000,74,2010-02-19,11:07:11.140000
M,48,0008,85,2010-02-19,11:11:56.977000,27,2010-02-19,11:31:07.070000
M,56,0578,8,2010-02-19,11:34:08.750000,16,2010-02-19,11:52:15.373000
M,62,0480,85,2010-02-19,11:48:22.013000,34,2010-02-19,12:05:07.210000
M,45,0554,5,2010-02-19,13:05:47.587000,74,2010-02-19,13:35:48.003000
M,28,0056,5,2010-02-19,13:05:58.337000,74,2010-02-19,13:35:54.520000
M,47,0629,85,2010-02-19,13:08:34.237000,18,2010-02-19,13:21:10.100000
M,32,0445,85,2010-02-19,13:34:33.390000,79,2010-02-19,13:56:08.597000
M,35,0694,78,2010-02-19,13:40:21.717000,63,2010-02-19,13:52:30.700000
M,37,0681,60,2010-02-19,13:40:53.483000,85,2010-02-19,14:10:10.387000
M,34,0690,85,2010-02-19,14:00:24.690000,16,2010-02-19,14:12:26
M,37,0523,85,2010-02-19,14:00:37.550000,16,2010-02-19,14:12:15.077000
M,19,0784,23,2010-02-19,14:52:24.577000,56,2010-02-19,14:59:42.987000
M,40,0478,20,2010-02-19,15:04:59.367000,34,2010-02-19,20:10:52.880000
M,48,0873,19,2010-02-19,15:06:15.930000,20,2010-02-19,15:21:24.707000
M,45,0081,78,2010-02-19,15:29:31.463000,5,2010-02-19,15:50:36.323000
M,28,0338,78,2010-02-19,15:30:15.933000,78,2010-02-19,15:34:29.997000
M,34,0780,24,2010-02-19,15:31:46.450000,26,2010-02-19,15:46:51.570000
M,32,0263,50,2010-02-19,15:40:02.893000,63,2010-02-19,16:06:26.397000
M,34,0302,63,2010-02-19,16:13:21.513000,55,2010-02-19,16:40:37.377000
M,39,0681,85,2010-02-19,16:19:53.953000,17,2010-02-19,16:26:46.537000
M,42,0564,25,2010-02-19,16:29:26.120000,26,2010-02-19,16:32:01.370000
M,43,0547,85,2010-02-19,16:31:23.103000,5,2010-02-19,16:38:01.437000
M,35,0849,63,2010-02-19,16:38:38.797000,78,2010-02-19,16:56:34.123000
M,28,0475,49,2010-02-19,16:53:20.880000,44,2010-02-19,17:04:26.217000
M,34,0018,34,2010-02-19,17:11:24.657000,24,2010-02-19,17:19:02.797000
M,37,0525,85,2010-02-19,17:13:50.107000,72,2010-02-19,17:36:01.197000
M,28,0021,34,2010-02-19,17:14:53.587000,25,2010-02-19,17:20:57.007000
M,36,0324,12,2010-02-19,17:29:59.273000,76,2010-02-19,17:48:15.740000
M,21,0687,27,2010-02-19,17:41:17.380000,27,2010-02-19,17:48:26.257000
M,21,0688,27,2010-02-19,17:41:32.257000,27,2010-02-19,17:43:44.653000
M,40,0546,76,2010-02-19,17:41:52.587000,72,2010-02-19,17:57:32.967000
M,27,0451,17,2010-02-19,17:43:35.603000,34,2010-02-19,17:50:32.823000
M,40,0544,76,2010-02-19,17:44:24.690000,72,2010-02-19,17:56:28.260000
M,21,0568,26,2010-02-19,18:04:35.863000,34,2010-02-19,18:35:18.583000
M,35,0701,66,2010-02-19,18:10:26.010000,78,2010-02-19,18:14:56.620000
M,36,0009,80,2010-02-19,18:26:48.343000,16,2010-02-19,18:44:26.993000
M,28,0291,8,2010-02-19,18:27:36.643000,16,2010-02-19,18:30:38.683000
M,18,0613,20,2010-02-19,18:42:47.350000,34,2010-02-19,19:27:55.737000
M,51,0527,74,2010-02-19,18:45:55.147000,74,2010-02-19,18:49:44.240000
M,28,0412,16,2010-02-19,18:55:15.427000,85,2010-02-19,19:17:19.163000
F,27,0603,16,2010-02-19,18:55:39.100000,85,2010-02-19,19:17:31.400000
M,51,0439,74,2010-02-19,19:01:54.690000,83,2010-02-19,19:05:59.137000
M,51,0798,83,2010-02-19,19:06:53.500000,83,2010-02-19,19:10:28.820000
M,51,0884,83,2010-02-19,19:11:53.807000,83,2010-02-19,19:14:22.533000
M,62,0236,13,2010-02-19,19:32:50.857000,27,2010-02-19,19:54:25.297000
M,18,0477,20,2010-02-19,19:54:06.110000,85,2010-02-19,20:00:57.780000
M,40,0765,72,2010-02-19,19:54:44.650000,76,2010-02-19,20:12:39.583000
M,40,0691,72,2010-02-19,20:00:55.407000,76,2010-02-19,20:12:04.260000
M,31,0496,34,2010-02-19,20:01:24.767000,83,2010-02-19,20:16:38.527000
F,35,0555,12,2010-02-19,20:21:23.830000,12,2010-02-19,20:40:03.817000
M,39,0107,17,2010-02-19,20:40:55.117000,31,2010-02-19,20:47:00.433000
M,46,0486,17,2010-02-19,20:50:57.060000,20,2010-02-19,20:59:49.667000
M,39,0245,27,2010-02-19,21:19:16.753000,12,2010-02-19,21:22:44.117000
M,19,0055,31,2010-02-19,21:32:38.023000,6,2010-02-19,21:47:06.573000
M,21,0821,21,2010-02-19,21:41:25.567000,27,2010-02-19,22:04:39.540000
M,19,0551,6,2010-02-19,22:00:06.287000,8,2010-02-19,22:05:35.567000
M,62,0558,27,2010-02-19,22:16:11.673000,13,2010-02-19,22:35:40.220000
M,36,0440,34,2010-02-19,22:48:52.853000,76,2010-02-19,22:59:10.410000
M,25,0248,5,2010-02-19,22:57:31.290000,5,2010-02-19,23:02:24.037000
M,25,0240,15,2010-02-19,23:07:26.300000,83,2010-02-19,23:25:56.133000
M,36,0495,63,2010-02-19,23:15:45.210000,83,2010-02-19,23:20:49.300000
M,43,0224,16,2010-02-20,07:15:11.593000,13,2010-02-20,07:21:12.613000
M,43,0679,13,2010-02-20,07:52:12.217000,16,2010-02-20,07:59:18.190000
M,42,0036,15,2010-02-20,08:39:14.703000,20,2010-02-20,08:52:32.670000
M,42,0665,27,2010-02-20,09:28:13.603000,7,2010-02-20,09:41:19.020000
M,28,0712,66,2010-02-20,11:09:28.333000,44,2010-02-20,11:14:34.080000
M,59,0346,85,2010-02-20,11:18:24.917000,20,2010-02-20,11:26:18.263000
M,35,0333,78,2010-02-20,11:53:10.247000,63,2010-02-20,12:31:05.753000
M,24,0477,85,2010-02-20,11:59:15.307000,6,2010-02-20,12:07:41.450000
F,53,0388,85,2010-02-20,11:59:29.260000,6,2010-02-20,12:07:25.543000
M,59,0299,85,2010-02-20,12:01:26.047000,5,2010-02-20,12:15:09.577000
M,28,0059,80,2010-02-20,12:23:34.473000,60,2010-02-20,12:48:10.273000
M,32,0438,19,2010-02-20,12:26:39.177000,24,2010-02-20,12:34:53.577000
F,27,0598,21,2010-02-20,12:42:00.190000,85,2010-02-20,13:02:27.093000
M,28,0749,21,2010-02-20,12:42:39.657000,85,2010-02-20,13:02:18.700000
M,28,0216,60,2010-02-20,12:58:31.513000,63,2010-02-20,13:19:35.740000
M,59,0452,5,2010-02-20,12:59:30.147000,17,2010-02-20,13:05:06.317000
M,59,0670,17,2010-02-20,13:16:01.500000,5,2010-02-20,13:20:03.853000
M,35,0892,63,2010-02-20,13:21:54.840000,66,2010-02-20,13:37:38.893000
M,40,0929,78,2010-02-20,13:27:28.633000,76,2010-02-20,13:33:32.757000
M,28,0183,76,2010-02-20,13:49:56.890000,66,2010-02-20,13:56:29.950000
M,35,0693,72,2010-02-20,13:55:54.450000,66,2010-02-20,14:14:27.430000
M,28,0794,72,2010-02-20,14:06:37.753000,83,2010-02-20,14:19:23.957000
M,32,0875,16,2010-02-20,14:22:12.093000,31,2010-02-20,14:30:55.233000
M,32,0312,31,2010-02-20,14:41:05.773000,19,2010-02-20,14:46:23.003000
M,42,0851,7,2010-02-20,14:52:23.860000,27,2010-02-20,15:07:57.780000
M,31,0446,21,2010-02-20,14:53:52.707000,83,2010-02-20,15:06:45.380000
M,27,0392,11,2010-02-20,15:08:50.633000,11,2010-02-20,15:20:04.643000
M,28,0852,6,2010-02-20,15:24:40.547000,27,2010-02-20,15:33:22.563000
M,45,0407,6,2010-02-20,15:28:09.257000,27,2010-02-20,15:33:20.330000
M,25,0081,5,2010-02-20,15:31:38.670000,44,2010-02-20,15:42:59.667000
M,42,0334,31,2010-02-20,15:43:13.870000,21,2010-02-20,15:56:56.957000
M,25,0804,83,2010-02-20,16:08:50.270000,83,2010-02-20,16:12:29.447000
M,51,0806,83,2010-02-20,16:25:19.833000,80,2010-02-20,16:34:09.970000
M,28,0143,31,2010-02-20,16:54:23.027000,60,2010-02-20,17:14:29.393000
M,45,0254,31,2010-02-20,16:54:36.353000,60,2010-02-20,17:14:25.847000
M,25,0496,83,2010-02-20,16:57:36.470000,83,2010-02-20,17:02:57.093000
M,59,0595,16,2010-02-20,16:59:26.693000,13,2010-02-20,17:06:30.913000
M,25,0439,83,2010-02-20,17:09:08.857000,83,2010-02-20,17:24:12.500000
M,25,0240,83,2010-02-20,17:21:22.447000,83,2010-02-20,17:29:38.967000
M,45,0825,66,2010-02-20,17:45:46.307000,5,2010-02-20,18:02:23.897000
M,28,0824,66,2010-02-20,17:46:19.997000,5,2010-02-20,18:02:08.397000
M,59,0678,13,2010-02-20,17:58:03.767000,16,2010-02-20,19:33:18.517000
M,25,0798,83,2010-02-20,18:03:25.543000,83,2010-02-20,18:30:29.340000
M,25,0810,83,2010-02-20,18:03:40.280000,83,2010-02-20,18:31:04.077000
M,42,0931,15,2010-02-20,18:25:22.080000,25,2010-02-20,18:30:06.717000
M,35,0620,22,2010-02-20,18:42:55.180000,44,2010-02-20,19:16:36.550000
M,32,0533,19,2010-02-20,19:20:21.423000,26,2010-02-20,19:24:38.523000
M,42,0537,18,2010-02-20,19:26:35.783000,13,2010-02-20,19:37:18.800000
M,19,0465,8,2010-02-20,19:46:59.730000,19,2010-02-20,19:53:31.783000
M,32,0152,30,2010-02-20,19:59:15.780000,30,2010-02-20,20:02:40.553000
M,19,0562,19,2010-02-20,20:05:21.107000,16,2010-02-20,20:11:11.447000
M,32,0879,30,2010-02-20,20:06:24.500000,19,2010-02-20,20:30:05.710000
M,19,0101,16,2010-02-20,20:22:46.380000,15,2010-02-20,20:26:03.180000
F,27,316,20,2010-02-20,21:41:17.437000,15,2010-02-20,21:51:03.760000
M,28,0071,20,2010-02-20,21:41:34.563000,15,2010-02-20,21:50:56.323000
F,27,0453,15,2010-02-20,22:11:29.153000,8,2010-02-20,22:14:38.047000
M,28,0378,15,2010-02-20,22:11:39.137000,8,2010-02-20,22:14:32.623000
M,40,0431,78,2010-02-21,08:54:08.250000,26,2010-02-21,10:18:52.260000
M,42,0510,7,2010-02-21,09:05:49.080000,13,2010-02-21,09:24:05.970000
M,53,0749,85,2010-02-21,09:19:12.607000,27,2010-02-21,09:24:42.913000
M,51,0861,19,2010-02-21,09:24:01.297000,19,2010-02-21,09:35:44.023000
M,42,0735,13,2010-02-21,09:54:00.227000,17,2010-02-21,10:19:08.620000
M,32,0220,27,2010-02-21,09:58:15.333000,22,2010-02-21,10:05:10.767000
M,40,0235,27,2010-02-21,10:01:27.827000,27,2010-02-21,10:05:17.523000
M,53,0218,27,2010-02-21,10:01:55.157000,16,2010-02-21,10:12:39.117000
M,35,0505,26,2010-02-21,10:03:42.733000,19,2010-02-21,10:15:29.383000
M,25,0925,74,2010-02-21,10:03:45.343000,74,2010-02-21,12:29:02.517000
M,25,0056,74,2010-02-21,10:04:35.920000,74,2010-02-21,12:30:28.360000
M,19,0228,27,2010-02-21,10:09:17.580000,85,2010-02-21,10:18:14.557000
M,51,0239,27,2010-02-21,10:16:29.463000,17,2010-02-21,10:22:40.727000
M,32,0862,22,2010-02-21,10:16:55.167000,22,2010-02-21,10:32:13.020000
F,46,0667,27,2010-02-21,10:29:44.127000,27,2010-02-21,12:14:48.443000
M,21,0686,27,2010-02-21,10:32:24.490000,22,2010-02-21,10:45:05
M,19,0355,85,2010-02-21,10:33:38.850000,25,2010-02-21,10:46:40.883000
M,32,0103,20,2010-02-21,10:41:02.167000,16,2010-02-21,10:48:23.707000
M,32,0755,22,2010-02-21,10:44:34.860000,22,2010-02-21,10:48:07.923000
M,42,0593,23,2010-02-21,10:47:54.877000,18,2010-02-21,11:08:17.487000
M,32,0614,22,2010-02-21,10:48:12.800000,22,2010-02-21,11:07:48.987000
M,40,0633,27,2010-02-21,10:51:02.050000,63,2010-02-21,12:27:40.627000
M,19,0651,25,2010-02-21,10:59:13.160000,25,2010-02-21,11:09:15.730000
M,32,0774,24,2010-02-21,11:03:09.343000,14,2010-02-21,11:08:45.120000
M,62,0743,21,2010-02-21,11:15:22.647000,20,2010-02-21,11:46:09.537000
M,32,0621,22,2010-02-21,11:23:22.950000,22,2010-02-21,11:37:04.960000
M,32,0830,13,2010-02-21,11:27:36.517000,42,2010-02-21,16:44:02.440000
M,21,0738,22,2010-02-21,11:37:45.227000,22,2010-02-21,11:53:43.677000
M,42,0817,17,2010-02-21,11:40:15.553000,27,2010-02-21,12:01:40.273000
F,27,0538,8,2010-02-21,11:44:21.110000,13,2010-02-21,11:50:08.873000
M,28,0464,8,2010-02-21,11:44:31.877000,13,2010-02-21,11:50:27.247000
M,51,0688,27,2010-02-21,11:46:26.363000,17,2010-02-21,12:03:48.483000
M,32,0619,22,2010-02-21,11:47:10.453000,22,2010-02-21,11:57:38.540000
F,40,0687,27,2010-02-21,11:51:34.080000,17,2010-02-21,13:05:00.387000
M,35,0025,80,2010-02-21,11:54:16.833000,22,2010-02-21,12:24:21.420000
M,32,0750,22,2010-02-21,12:12:18.173000,22,2010-02-21,12:26:36.300000
M,21,0617,22,2010-02-21,12:28:21.430000,22,2010-02-21,12:53:57.347000
M,35,0427,22,2010-02-21,12:41:52.727000,83,2010-02-21,12:54:26.567000
M,32,0813,22,2010-02-21,12:45:18.670000,25,2010-02-21,13:06:09.483000
M,34,0653,16,2010-02-21,12:56:02.147000,16,2010-02-21,13:28:15.280000
F,31,0441,22,2010-02-21,13:00:20.097000,17,2010-02-21,13:09:09.687000
M,19,0680,25,2010-02-21,13:01:51.793000,17,2010-02-21,13:08:55.907000
M,62,0244,43,2010-02-21,13:08:21.703000,21,2010-02-21,13:23:21.370000
M,35,0641,19,2010-02-21,13:10:22.167000,25,2010-02-21,13:27:34.407000
M,28,0209,19,2010-02-21,13:10:49.683000,27,2010-02-21,14:14:24.677000
F,27,0834,13,2010-02-21,13:17:03.447000,85,2010-02-21,13:38:22.273000
M,28,0043,13,2010-02-21,13:17:19.353000,85,2010-02-21,13:38:17.100000
M,38,0746,44,2010-02-21,13:23:15.367000,44,2010-02-21,13:29:59.320000
F,38,0475,44,2010-02-21,13:23:58.697000,49,2010-02-21,14:09:48.600000
M,42,0606,46,2010-02-21,13:29:27.797000,13,2010-02-21,13:39:53.047000
M,19,0482,17,2010-02-21,13:33:23.313000,83,2010-02-21,14:06:39.657000
M,21,0442,17,2010-02-21,13:36:36.447000,27,2010-02-21,13:55:08.677000
M,19,0630,17,2010-02-21,13:38:43.403000,8,2010-02-21,13:43:06.493000
M,51,0668,17,2010-02-21,13:39:27.890000,80,2010-02-21,13:51:44.893000
M,38,0880,46,2010-02-21,13:40:14.087000,49,2010-02-21,14:09:40.130000
M,35,0587,25,2010-02-21,13:41:53.400000,34,2010-02-21,13:48:06.957000
M,59,0194,30,2010-02-21,13:50:15.580000,5,2010-02-21,14:00:03.577000
M,53,0476,17,2010-02-21,13:52:04.480000,17,2010-02-21,14:10:25.210000
F,37,0534,11,2010-02-21,13:57:42.807000,18,2010-02-21,14:22:26.527000
M,31,0327,11,2010-02-21,13:58:08.963000,18,2010-02-21,14:22:37.243000
M,34,0035,85,2010-02-21,14:03:57.590000,23,2010-02-21,14:30:46.390000
M,75,0570,85,2010-02-21,14:04:27.450000,23,2010-02-21,14:30:48.250000
M,43,0052,85,2010-02-21,14:15:11.003000,85,2010-02-21,14:21:58.603000
M,75,0061,23,2010-02-21,14:43:16.323000,23,2010-02-21,15:10:51.877000
M,34,0600,23,2010-02-21,14:43:29.730000,23,2010-02-21,15:10:11.687000
F,27,0046,85,2010-02-21,14:49:16.467000,8,2010-02-21,15:08:55.940000
M,28,0603,85,2010-02-21,14:49:28.390000,8,2010-02-21,15:08:49.847000
F,35,0228,85,2010-02-21,15:05:54.527000,18,2010-02-21,15:36:00.143000
M,31,0504,11,2010-02-21,15:32:26.633000,11,2010-02-21,15:39:39.573000
F,37,0580,25,2010-02-21,15:33:51.330000,6,2010-02-21,15:48:05.247000
M,31,0503,25,2010-02-21,15:34:03.767000,6,2010-02-21,15:47:39.107000
F,28,0242,19,2010-02-21,15:34:34.223000,74,2010-02-21,16:02:24.133000
F,35,0773,24,2010-02-21,15:50:28.863000,21,2010-02-21,16:03:48.003000
F,37,0797,6,2010-02-21,16:16:43.880000,6,2010-02-21,16:20:07.130000
M,31,0477,6,2010-02-21,16:17:22.160000,11,2010-02-21,16:28:11.497000
F,37,0512,6,2010-02-21,16:22:26.743000,11,2010-02-21,16:27:55.373000
F,45,0802,11,2010-02-21,16:28:47.217000,11,2010-02-21,16:35:29.047000
M,28,0134,63,2010-02-21,16:31:08.300000,63,2010-02-21,16:57:47.520000
F,35,0237,21,2010-02-21,16:37:56.770000,26,2010-02-21,17:05:30.853000
F,37,0926,11,2010-02-21,17:16:38.670000,12,2010-02-21,17:20:30.213000
M,31,0392,11,2010-02-21,17:16:48.327000,12,2010-02-21,17:20:40.400000
M,45,0055,6,2010-02-21,17:26:00.163000,27,2010-02-21,17:30:52.297000
M,28,0099,6,2010-02-21,17:26:12.367000,27,2010-02-21,17:30:58.420000
F,35,0236,27,2010-02-21,17:41:16.023000,85,2010-02-21,18:06:53.470000
M,31,0342,12,2010-02-21,18:16:57.263000,11,2010-02-21,18:24:08.283000
F,37,0367,12,2010-02-21,18:17:26.890000,11,2010-02-21,18:24:43.957000
M,45,0222,27,2010-02-21,18:32:00.657000,27,2010-02-21,18:35:24.790000
M,28,0277,27,2010-02-21,18:32:22.690000,6,2010-02-21,18:45:01.483000
M,45,0495,27,2010-02-21,18:35:50.277000,5,2010-02-21,18:41:43.297000
M,35,0207,78,2010-02-21,19:24:34.440000,66,2010-02-21,19:38:32.420000
M,25,0547,5,2010-02-21,20:53:40.243000,78,2010-02-21,21:22:21.280000
M,28,0408,8,2010-02-21,21:18:54.933000,6,2010-02-21,21:22:41.560000
M,25,0122,78,2010-02-21,21:35:12.320000,63,2010-02-21,21:44:26.157000
M,28,0388,6,2010-02-21,21:40:45.827000,8,2010-02-21,21:48:06
M,43,0484,75,2010-02-21,21:49:07.067000,75,2010-02-21,21:58:24.603000
M,36,0715,26,2010-02-21,22:33:05.897000,76,2010-02-21,22:43:15.673000
M,59,0531,5,2010-02-22,07:05:40.680000,24,2010-02-22,07:17:00.880000
M,59,0043,85,2010-02-22,07:13:15.320000,15,2010-02-22,07:20:07.070000
M,59,0471,18,2010-02-22,07:29:26.250000,5,2010-02-22,07:35:48.903000
M,28,0700,66,2010-02-22,07:40:22.040000,44,2010-02-22,07:46:08.747000
M,27,0942,34,2010-02-22,08:11:45.407000,17,2010-02-22,08:16:24.390000
M,31,0039,30,2010-02-22,08:50:09.670000,27,2010-02-22,08:53:41.020000
M,32,0521,74,2010-02-22,09:10:27.403000,13,2010-02-22,09:22:40.323000
M,31,0500,34,2010-02-22,09:38:14.193000,19,2010-02-22,09:46:20.057000
M,46,0004,20,2010-02-22,10:07:07.573000,17,2010-02-22,10:12:34.577000
M,38,0834,85,2010-02-22,10:30:22.937000,11,2010-02-22,10:39:23.780000
M,55,0359,85,2010-02-22,10:36:40.160000,18,2010-02-22,10:45:43.650000
M,38,0802,11,2010-02-22,10:50:11.947000,6,2010-02-22,11:15:17.550000
M,48,0425,12,2010-02-22,11:04:20.807000,20,2010-02-22,11:15:02.630000
M,21,0872,21,2010-02-22,11:21:47.320000,24,2010-02-22,11:53:04.453000
M,48,0753,19,2010-02-22,11:28:18.793000,76,2010-02-22,11:51:39.530000
M,38,0329,6,2010-02-22,11:36:46.913000,5,2010-02-22,11:58:28.010000
M,43,0502,26,2010-02-22,11:43:41.350000,44,2010-02-22,11:58:01.710000
M,43,0783,44,2010-02-22,12:10:39.263000,83,2010-02-22,12:23:10.757000
M,32,0848,14,2010-02-22,12:11:19.827000,83,2010-02-22,12:26:09.180000
M,38,0826,5,2010-02-22,12:14:54.720000,5,2010-02-22,12:30:24.257000
M,34,509,7,2010-02-22,12:25:31.027000,13,2010-02-22,12:29:13.840000
M,21,0864,23,2010-02-22,12:31:30.837000,27,2010-02-22,12:43:44.083000
M,59,0248,5,2010-02-22,12:45:04.837000,5,2010-02-22,12:48:09.383000
M,59,0670,5,2010-02-22,12:49:25.010000,85,2010-02-22,13:00:20.473000
M,34,0068,7,2010-02-22,12:52:13.430000,17,2010-02-22,13:03:14.220000
M,59,0052,85,2010-02-22,13:10:57.073000,85,2010-02-22,13:35:17.077000
M,34,0234,15,2010-02-22,13:21:15.643000,6,2010-02-22,13:29:03.760000
M,28,0545,8,2010-02-22,13:24:36.147000,8,2010-02-22,13:37:38.297000
M,34,0580,6,2010-02-22,13:39:35.923000,11,2010-02-22,13:47:50.210000
M,38,0378,8,2010-02-22,13:43:29.863000,7,2010-02-22,13:47:37.117000
M,51,0638,18,2010-02-22,13:46:34.790000,31,2010-02-22,13:51:46.480000
M,74,0921,34,2010-02-22,13:50:09.540000,26,2010-02-22,13:59:13.653000
M,39,0236,85,2010-02-22,13:51:40.433000,18,2010-02-22,13:59:03.360000
M,38,0857,7,2010-02-22,13:59:46.670000,37,2010-02-22,14:21:42.050000
M,59,0670,85,2010-02-22,14:01:18.503000,5,2010-02-22,14:13:27.967000
M,34,0342,11,2010-02-22,14:04:34.663000,16,2010-02-22,14:14:08.827000
M,61,0239,17,2010-02-22,14:07:17.107000,56,2010-02-22,14:18:35.313000
M,48,0034,63,2010-02-22,14:07:17.810000,5,2010-02-22,14:26:25.840000
M,61,0052,85,2010-02-22,14:17:19.110000,85,2010-02-22,14:37:29.280000
M,34,0775,24,2010-02-22,14:24:36.210000,7,2010-02-22,14:29:59.943000
M,45,0495,5,2010-02-22,14:24:44.290000,6,2010-02-22,14:49:53.023000
M,38,0422,37,2010-02-22,14:34:30.263000,42,2010-02-22,14:37:19.157000
M,40,0631,19,2010-02-22,14:35:27.470000,83,2010-02-22,15:05:23.570000
M,46,0688,17,2010-02-22,14:42:55.940000,20,2010-02-22,14:49:13.313000
M,51,0284,31,2010-02-22,14:45:15.990000,18,2010-02-22,14:49:38.707000
M,51,0644,18,2010-02-22,14:51:51.493000,26,2010-02-22,14:55:16.233000
M,34,0069,7,2010-02-22,15:13:22.010000,7,2010-02-22,15:26:25.370000
M,38,0659,42,2010-02-22,15:16:18.547000,39,2010-02-22,15:19:11.587000
M,23,0827,14,2010-02-22,15:18:16.937000,16,2010-02-22,15:38:03.677000
M,33,0729,14,2010-02-22,15:19:41.563000,16,2010-02-22,15:39:16.383000
M,38,0196,39,2010-02-22,15:51:09.300000,30,2010-02-22,15:56:48.937000
M,32,0540,50,2010-02-22,15:54:13.417000,50,2010-02-22,16:05:11.130000
M,32,0848,85,2010-02-22,16:10:43.197000,46,2010-02-22,16:29:14.240000
M,46,0474,20,2010-02-22,16:10:46.963000,17,2010-02-22,16:17:10.470000
M,34,0241,7,2010-02-22,16:19:29.477000,7,2010-02-22,16:52:34.193000
M,31,0172,43,2010-02-22,16:35:42.997000,83,2010-02-22,16:46:53.897000
M,28,0089,16,2010-02-22,16:39:37.960000,13,2010-02-22,16:43:18.233000
M,38,0722,31,2010-02-22,16:49:41.710000,85,2010-02-22,16:57:24.327000
M,61,0169,85,2010-02-22,16:53:39.120000,85,2010-02-22,17:08:26.973000
M,38,0112,85,2010-02-22,17:10:50.430000,20,2010-02-22,17:37:45.543000
M,61,0382,63,2010-02-22,17:19:29.740000,83,2010-02-22,17:25:06
M,28,0674,13,2010-02-22,17:26:35.113000,8,2010-02-22,17:29:56.280000
M,39,0810,83,2010-02-22,17:30:54.077000,56,2010-02-22,17:40:52.227000
M,38,0612,19,2010-02-22,17:53:09.150000,18,2010-02-22,17:57:42.123000
M,25,0797,6,2010-02-22,17:57:03.153000,85,2010-02-22,18:47:17.427000
M,27,0687,17,2010-02-22,18:05:21.233000,34,2010-02-22,18:14:26.913000
M,31,0851,27,2010-02-22,18:20:37.240000,21,2010-02-22,18:30:36.607000
M,31,0407,27,2010-02-22,18:23:42.527000,30,2010-02-22,18:27:20.333000
M,38,0441,17,2010-02-22,18:24:16.623000,15,2010-02-22,18:38:19.623000
M,52,0792,24,2010-02-22,18:25:23.297000,27,2010-02-22,18:34:33.647000
M,31,0748,21,2010-02-22,18:41:13.613000,21,2010-02-22,18:43:16.230000
M,33,0576,25,2010-02-22,18:42:27.117000,34,2010-02-22,18:46:10.220000
M,31,0764,21,2010-02-22,18:43:23.447000,21,2010-02-22,18:49:17.743000
M,31,0824,5,2010-02-22,19:02:53.720000,5,2010-02-22,19:06:17.363000
M,38,0649,15,2010-02-22,19:06:19.020000,5,2010-02-22,19:29:11.193000
M,31,0670,5,2010-02-22,19:07:36.410000,5,2010-02-22,19:26:26.050000
M,36,805,83,2010-02-22,19:13:21.127000,21,2010-02-22,19:30:08
F,27,0453,8,2010-02-22,19:16:17.867000,26,2010-02-22,19:26:54.300000
M,28,0630,8,2010-02-22,19:16:46.773000,26,2010-02-22,19:25:00
M,36,0724,14,2010-02-22,19:42:51.507000,85,2010-02-22,19:56:15.177000
F,45,0477,11,2010-02-22,19:43:59.783000,11,2010-02-22,19:56:05.460000
M,36,0498,12,2010-02-22,20:06:54.280000,12,2010-02-22,20:30:52.460000
F,27,0307,30,2010-02-22,20:12:47.967000,8,2010-02-22,20:20:11.873000
M,28,0339,30,2010-02-22,20:13:25.657000,8,2010-02-22,20:20:05.013000
M,61,0382,83,2010-02-22,20:16:33.807000,63,2010-02-22,20:25:26
M,28,0804,83,2010-02-22,20:30:47.540000,60,2010-02-22,20:36:30.290000
M,32,0698,46,2010-02-22,20:49:42.207000,76,2010-02-22,21:12:17.057000
M,45,0052,85,2010-02-22,21:14:10.827000,30,2010-02-22,21:22:22.893000
M,75,0599,15,2010-02-22,21:53:53.563000,85,2010-02-22,22:16:00.423000
M,39,0852,27,2010-02-22,22:01:38.803000,11,2010-02-22,22:03:53.790000
M,36,0386,85,2010-02-22,22:18:14.240000,76,2010-02-22,22:35:36.803000
M,37,0485,24,2010-02-22,22:20:22.963000,30,2010-02-22,22:35:27.377000
M,46,0476,17,2010-02-22,22:24:55.957000,27,2010-02-22,22:42:53.413000
M,55,0645,18,2010-02-23,00:03:10.333000,18,2010-02-23,00:25:15.600000
M,59,0722,85,2010-02-23,07:11:46.647000,15,2010-02-23,07:19:41.443000
M,28,0820,66,2010-02-23,07:40:19.017000,44,2010-02-23,07:47:32.410000
F,35,0322,12,2010-02-23,07:42:04.390000,83,2010-02-23,08:05:10.990000
M,59,0566,5,2010-02-23,07:45:19.720000,5,2010-02-23,07:48:43.357000
M,59,0034,5,2010-02-23,07:49:07.400000,5,2010-02-23,08:07:47.810000
M,33,0642,18,2010-02-23,08:35:33.497000,17,2010-02-23,08:38:29.467000
M,32,0769,84,2010-02-23,08:43:31.530000,46,2010-02-23,08:54:44.230000
M,31,0142,30,2010-02-23,08:58:55.613000,7,2010-02-23,09:11:35.680000
M,47,0294,30,2010-02-23,09:08:56.340000,6,2010-02-23,09:13:53.807000
M,37,0166,30,2010-02-23,09:25:34.533000,24,2010-02-23,09:37:16.823000
M,59,0552,5,2010-02-23,09:44:53.390000,5,2010-02-23,09:48:17.680000
M,59,0826,5,2010-02-23,09:48:51.370000,15,2010-02-23,09:54:22.710000
M,32,0312,19,2010-02-23,10:13:32.100000,11,2010-02-23,10:15:59.493000
F,31,0821,20,2010-02-23,10:47:56.257000,18,2010-02-23,10:55:43.803000
M,59,0597,15,2010-02-23,11:12:33.797000,5,2010-02-23,11:19:53.033000
M,74,0650,15,2010-02-23,11:13:30.440000,30,2010-02-23,11:26:51.203000
F,31,0573,18,2010-02-23,11:15:11.100000,17,2010-02-23,11:18:05.993000
M,27,0492,74,2010-02-23,11:39:54.857000,17,2010-02-23,11:54:28.023000
F,27,0797,85,2010-02-23,11:44:09.890000,5,2010-02-23,11:59:33.093000
F,26,0724,85,2010-02-23,11:53:35.100000,85,2010-02-23,11:56:49.290000
M,23,0120,78,2010-02-23,11:58:06.433000,85,2010-02-23,12:28:19.503000
F,31,0618,17,2010-02-23,12:03:46.703000,20,2010-02-23,12:23:20.553000
M,52,0436,20,2010-02-23,12:10:42.210000,24,2010-02-23,12:21:07.340000
M,64,0251,85,2010-02-23,12:17:08.070000,20,2010-02-23,12:23:58.507000
M,56,0663,20,2010-02-23,12:30:26.133000,85,2010-02-23,12:39:06.743000
M,38,0865,15,2010-02-23,12:32:08.537000,15,2010-02-23,12:55:36.977000
M,54,0599,85,2010-02-23,13:02:49.077000,20,2010-02-23,13:18:43.430000
M,38,0878,15,2010-02-23,13:07:45.703000,13,2010-02-23,13:30:40.347000
M,23,0124,85,2010-02-23,13:14:54.663000,17,2010-02-23,13:30:35.377000
M,21,0346,20,2010-02-23,13:16:51.397000,20,2010-02-23,13:20:23.980000
M,21,0084,20,2010-02-23,13:20:37.983000,26,2010-02-23,13:27:29.843000
M,39,0728,16,2010-02-23,13:34:59.380000,22,2010-02-23,13:37:17.520000
M,23,0452,17,2010-02-23,13:41:05.603000,78,2010-02-23,14:03:33.827000
M,39,0220,22,2010-02-23,13:50:04.533000,17,2010-02-23,13:54:54.397000
M,37,0153,8,2010-02-23,14:06:36.123000,16,2010-02-23,14:15:02.210000
M,25,0675,13,2010-02-23,14:08:17.737000,43,2010-02-23,14:38:34.400000
M,38,0876,26,2010-02-23,14:08:19.563000,85,2010-02-23,14:18:02.287000
M,61,0724,85,2010-02-23,14:11:39.177000,85,2010-02-23,14:33:30.680000
M,32,0514,50,2010-02-23,14:18:33.210000,50,2010-02-23,14:25:56.743000
M,45,0365,30,2010-02-23,14:38:17.723000,7,2010-02-23,15:05:09.427000
M,23,0163,16,2010-02-23,14:56:08.583000,85,2010-02-23,15:10:16.923000
M,33,0208,16,2010-02-23,14:56:24.850000,85,2010-02-23,15:10:48.907000
M,51,0643,18,2010-02-23,14:56:51.180000,13,2010-02-23,15:03:44.310000
M,59,0313,8,2010-02-23,15:04:26.940000,20,2010-02-23,15:10:31.907000
M,40,0120,85,2010-02-23,15:07:51.040000,8,2010-02-23,15:18:27.300000
M,74,0470,18,2010-02-23,15:15:58.200000,15,2010-02-23,15:21:34.270000
M,32,0699,46,2010-02-23,15:18:55.957000,46,2010-02-23,15:46:32.200000
M,45,0046,8,2010-02-23,15:28:42.997000,85,2010-02-23,15:40:25.663000
M,32,0789,44,2010-02-23,15:30:07.490000,50,2010-02-23,15:46:15.787000
M,31,0648,18,2010-02-23,15:30:40.923000,13,2010-02-23,15:35:59.657000
M,33,0663,85,2010-02-23,15:41:42.213000,24,2010-02-23,15:59:24.863000
M,23,0169,85,2010-02-23,15:41:51.463000,24,2010-02-23,15:59:27.723000
M,53,0876,85,2010-02-23,15:42:08.607000,24,2010-02-23,15:59:29.520000
M,40,0724,85,2010-02-23,15:42:21.433000,24,2010-02-23,15:59:22.317000
M,24,0163,85,2010-02-23,15:42:35.873000,24,2010-02-23,16:00:10.757000
M,38,0771,44,2010-02-23,15:47:26.390000,44,2010-02-23,16:17:04.910000
M,51,0702,13,2010-02-23,15:50:31.860000,18,2010-02-23,15:58:42.283000
M,39,0898,56,2010-02-23,16:07:06.740000,27,2010-02-23,16:24:35.500000
M,51,0493,18,2010-02-23,16:10:07.217000,31,2010-02-23,16:14:43.460000
M,59,0824,5,2010-02-23,16:14:12.133000,5,2010-02-23,16:17:34.560000
M,59,0670,5,2010-02-23,16:18:47.707000,30,2010-02-23,16:28:05.460000
M,51,0308,31,2010-02-23,16:26:38.880000,18,2010-02-23,16:31:36.157000
M,52,0507,24,2010-02-23,16:28:13.697000,55,2010-02-23,16:53:07.453000
M,56,0551,8,2010-02-23,16:33:44.567000,26,2010-02-23,16:46:07.513000
M,21,0682,26,2010-02-23,16:41:23.853000,34,2010-02-23,16:46:55.493000
M,39,0465,19,2010-02-23,16:42:49.697000,13,2010-02-23,16:52:21.970000
M,19,0102,15,2010-02-23,16:49:37.297000,46,2010-02-23,16:58:22.123000
F,45,0754,21,2010-02-23,16:53:03,5,2010-02-23,16:59:56.383000
F,37,0367,11,2010-02-23,17:09:58.013000,11,2010-02-23,17:20:15.477000
F,45,0649,5,2010-02-23,17:10:02.010000,11,2010-02-23,17:17:52.457000
M,19,0627,46,2010-02-23,17:14:11.847000,74,2010-02-23,17:25:01.810000
M,52,0778,46,2010-02-23,17:17:40.060000,24,2010-02-23,17:24:44.340000
M,31,0744,21,2010-02-23,17:21:40.790000,83,2010-02-23,17:33:37.907000
M,48,0046,85,2010-02-23,17:22:10.490000,80,2010-02-23,17:38:05.770000
M,19,0489,74,2010-02-23,17:39:07.280000,83,2010-02-23,17:42:18.257000
M,56,0629,18,2010-02-23,17:54:56.973000,8,2010-02-23,18:02:03.253000
M,19,0496,83,2010-02-23,18:07:29.500000,44,2010-02-23,18:25:40.603000
M,27,0679,17,2010-02-23,18:08:49.747000,34,2010-02-23,18:14:16.487000
M,27,0680,85,2010-02-23,18:10:22.150000,34,2010-02-23,18:32:30.313000
F,28,0490,74,2010-02-23,18:37:00.897000,46,2010-02-23,18:51:57.057000
M,33,579,25,2010-02-23,18:40:38.873000,34,2010-02-23,18:45:02.040000
M,36,0463,76,2010-02-23,18:44:02.913000,16,2010-02-23,18:54:07.843000
M,28,0410,44,2010-02-23,18:44:31.320000,66,2010-02-23,18:51:01.867000
M,27,0350,43,2010-02-23,18:47:24.370000,76,2010-02-23,19:07:44.483000
M,31,0749,27,2010-02-23,18:48:19.550000,21,2010-02-23,19:20:17.450000
M,39,0751,21,2010-02-23,18:58:05.243000,27,2010-02-23,19:14:15.483000
M,31,0240,83,2010-02-23,19:11:53.040000,60,2010-02-23,19:16:43.753000
M,32,0747,46,2010-02-23,19:13:01.950000,84,2010-02-23,19:31:49.400000
M,40,0428,84,2010-02-23,19:30:56.880000,49,2010-02-23,19:39:44.340000
M,54,0879,19,2010-02-23,19:42:45.350000,11,2010-02-23,19:57:28.643000
M,42,0450,17,2010-02-23,19:48:21.043000,17,2010-02-23,19:51:01.310000
M,42,0474,17,2010-02-23,19:51:34.497000,14,2010-02-23,20:00:32.433000
M,45,0235,27,2010-02-23,20:04:00.790000,30,2010-02-23,20:07:37.810000
M,54,0479,11,2010-02-23,20:08:03.213000,11,2010-02-23,20:11:17.950000
M,38,0388,85,2010-02-23,20:15:25.437000,34,2010-02-23,20:23:05.017000
M,39,0642,17,2010-02-23,20:38:44.957000,11,2010-02-23,20:41:46.007000
M,54,0589,11,2010-02-23,20:41:28.613000,11,2010-02-23,20:57:56.737000
M,40,0444,49,2010-02-23,20:58:15.317000,84,2010-02-23,21:10:03.267000
M,36,0914,34,2010-02-23,21:15:26.980000,76,2010-02-23,21:26:07.147000
M,54,0649,11,2010-02-23,21:15:41.923000,20,2010-02-23,21:47:52.260000
M,59,0719,14,2010-02-23,21:53:05.317000,5,2010-02-23,22:01:17.940000
M,37,0193,50,2010-02-23,21:59:29.160000,50,2010-02-23,22:08:23.057000
M,37,0869,24,2010-02-23,22:29:15.620000,30,2010-02-23,22:35:29.540000
M,19,0831,42,2010-02-23,23:17:10.437000,8,2010-02-23,23:22:46.617000
F,45,0367,11,2010-02-24,07:01:09.337000,13,2010-02-24,07:10:20.017000
M,59,0036,85,2010-02-24,07:08:28.857000,15,2010-02-24,07:16:03.843000
M,42,0862,22,2010-02-24,07:10:59.973000,34,2010-02-24,07:19:10.383000
M,28,0818,66,2010-02-24,07:43:00.603000,49,2010-02-24,07:52:02.207000
M,64,0704,13,2010-02-24,07:56:21.093000,13,2010-02-24,08:24:18.470000
M,59,0566,5,2010-02-24,07:58:47.927000,5,2010-02-24,08:08:56.090000
M,27,0941,34,2010-02-24,08:09:27.077000,17,2010-02-24,08:14:28.480000
M,40,0034,5,2010-02-24,08:23:18.023000,12,2010-02-24,08:30:04.920000
M,33,0051,34,2010-02-24,08:26:43.240000,25,2010-02-24,08:30:52.797000
M,59,0220,17,2010-02-24,08:32:07.300000,5,2010-02-24,08:35:30.033000
M,33,0576,34,2010-02-24,08:37:15.750000,17,2010-02-24,08:44:12.110000
M,40,0290,56,2010-02-24,08:44:05.470000,17,2010-02-24,08:52:46.270000
M,32,0174,84,2010-02-24,08:54:20.547000,46,2010-02-24,09:04:06.547000
M,27,0687,34,2010-02-24,08:57:39.797000,11,2010-02-24,09:06:36.277000
M,24,0037,34,2010-02-24,09:17:35.327000,17,2010-02-24,09:23:01.340000
M,37,0157,34,2010-02-24,09:18:34.843000,24,2010-02-24,09:23:37.730000
M,57,0200,45,2010-02-24,09:18:38.503000,66,2010-02-24,09:35:02.457000
M,46,0217,27,2010-02-24,10:13:24.453000,17,2010-02-24,10:17:55.683000
M,59,0597,5,2010-02-24,10:29:28.540000,14,2010-02-24,10:40:22.440000
M,34,0858,7,2010-02-24,10:29:59.183000,7,2010-02-24,11:03:31.833000
M,57,0832,66,2010-02-24,10:33:14.593000,66,2010-02-24,10:48:34.637000
M,37,0721,14,2010-02-24,11:04:26.587000,14,2010-02-24,11:11:48.877000
M,57,0271,50,2010-02-24,11:27:52.307000,46,2010-02-24,11:39:19.027000
F,31,0703,13,2010-02-24,11:36:08.533000,16,2010-02-24,11:42:54.617000
M,34,0709,13,2010-02-24,12:15:07.763000,49,2010-02-24,12:28:38.657000
M,57,0608,46,2010-02-24,12:38:47.210000,66,2010-02-24,12:50:23.423000
M,34,0437,49,2010-02-24,12:44:49.350000,49,2010-02-24,12:48:57.860000
M,34,0620,49,2010-02-24,12:50:58.783000,66,2010-02-24,12:58:10.177000
M,53,0686,22,2010-02-24,12:59:54.727000,22,2010-02-24,13:37:00.733000
M,34,0819,66,2010-02-24,13:14:08.150000,50,2010-02-24,14:05:07.113000
F,31,0578,16,2010-02-24,13:16:32.813000,13,2010-02-24,13:22:33.800000
M,31,0861,19,2010-02-24,13:19:59.400000,43,2010-02-24,13:39:43.287000
M,51,0270,10,2010-02-24,13:25:54.380000,85,2010-02-24,13:34:21.743000
M,43,0427,83,2010-02-24,13:34:31.543000,6,2010-02-24,14:05:01.313000
M,40,0873,20,2010-02-24,13:39:51.300000,66,2010-02-24,14:03:17.957000
M,28,0523,16,2010-02-24,13:47:13.057000,17,2010-02-24,13:49:28.077000
M,31,0141,43,2010-02-24,13:51:22.720000,21,2010-02-24,14:01:55.160000
M,51,0395,20,2010-02-24,14:02:20.363000,18,2010-02-24,14:05:22.957000
M,28,0573,17,2010-02-24,14:07:39.367000,8,2010-02-24,14:11:53.160000
M,42,0683,26,2010-02-24,14:10:33.610000,22,2010-02-24,14:18:13.033000
M,61,0108,85,2010-02-24,14:14:16.757000,85,2010-02-24,14:34:46.247000
M,31,0752,21,2010-02-24,14:14:50.263000,19,2010-02-24,14:41:16.290000
M,34,0501,50,2010-02-24,14:18:00.530000,7,2010-02-24,14:31:01.603000
M,20,0154,85,2010-02-24,14:23:59.733000,25,2010-02-24,14:57:18.717000
M,21,0116,85,2010-02-24,14:25:35.007000,25,2010-02-24,14:44:09.597000
M,23,0124,17,2010-02-24,14:28:54.340000,30,2010-02-24,14:37:58
M,40,0409,17,2010-02-24,14:29:10.603000,30,2010-02-24,14:37:37.920000
M,25,0582,25,2010-02-24,14:32:02.660000,30,2010-02-24,14:38:09.407000
M,24,0581,25,2010-02-24,14:32:29.080000,30,2010-02-24,14:37:45.623000
M,53,0588,17,2010-02-24,14:36:45.403000,30,2010-02-24,14:41:21.257000
M,44,0208,85,2010-02-24,14:36:59.873000,12,2010-02-24,14:44:34.500000
M,34,0801,7,2010-02-24,14:41:23.597000,7,2010-02-24,14:54:05.043000
M,25,0545,8,2010-02-24,14:49:45.450000,21,2010-02-24,15:08:21.243000
F,35,0105,17,2010-02-24,14:57:04.233000,30,2010-02-24,16:01:52.453000
M,32,0624,46,2010-02-24,15:16:22.370000,46,2010-02-24,15:39:40.250000
M,40,0161,85,2010-02-24,15:20:17.563000,9,2010-02-24,15:35:23.013000
M,31,0023,34,2010-02-24,15:38:26.890000,83,2010-02-24,15:51:46.087000
M,25,0825,85,2010-02-24,15:51:54.383000,85,2010-02-24,15:54:04.870000
M,40,0065,30,2010-02-24,15:55:35.480000,17,2010-02-24,16:06:26.767000
M,53,0421,30,2010-02-24,15:55:56.810000,17,2010-02-24,16:06:34.297000
M,24,0289,30,2010-02-24,15:56:08.577000,17,2010-02-24,16:06:22.890000
M,23,0288,30,2010-02-24,15:56:23.717000,25,2010-02-24,16:02:13.100000
M,25,0605,26,2010-02-24,15:58:14.217000,17,2010-02-24,16:06:40.110000
M,37,0460,24,2010-02-24,16:11:23.013000,27,2010-02-24,16:16:10.023000
M,21,0671,26,2010-02-24,16:12:35.047000,26,2010-02-24,16:16:58.087000
M,20,0780,26,2010-02-24,16:12:46.610000,26,2010-02-24,16:16:48.260000
M,38,0854,85,2010-02-24,16:14:12.730000,22,2010-02-24,16:28:25.083000
M,32,0711,49,2010-02-24,16:16:25.107000,50,2010-02-24,16:42:50.893000
M,21,0564,26,2010-02-24,16:17:13.213000,85,2010-02-24,16:31:17.387000
M,20,0672,26,2010-02-24,16:17:27.167000,85,2010-02-24,16:31:15.260000
F,35,0482,83,2010-02-24,16:20:14.640000,75,2010-02-24,16:38:50.390000
M,25,0828,19,2010-02-24,16:21:46.297000,19,2010-02-24,16:24:26.783000
F,30,0108,85,2010-02-24,16:27:40.673000,16,2010-02-24,16:39:50.890000
M,59,0797,5,2010-02-24,16:42:00.817000,17,2010-02-24,16:51:04.760000
M,27,0879,11,2010-02-24,16:46:56.973000,13,2010-02-24,16:58:01.887000
M,25,0593,18,2010-02-24,16:50:37.350000,18,2010-02-24,16:52:51.510000
M,21,0500,19,2010-02-24,16:52:16.820000,15,2010-02-24,16:58:12.577000
M,25,0228,18,2010-02-24,16:53:38.510000,18,2010-02-24,16:57:10.683000
M,38,0343,2,2010-02-24,17:03:32.883000,2,2010-02-24,17:15:07.347000
M,51,0425,20,2010-02-24,17:04:54.097000,20,2010-02-24,17:15:53.997000
M,37,0293,31,2010-02-24,17:24:57.557000,24,2010-02-24,17:32:30.247000
M,51,0385,20,2010-02-24,17:27:01.753000,20,2010-02-24,18:22:12.423000
M,28,0270,85,2010-02-24,17:31:17.587000,25,2010-02-24,18:02:43.687000
F,30,0306,43,2010-02-24,17:32:21.760000,49,2010-02-24,17:48:26.127000
M,51,0512,18,2010-02-24,17:34:38.650000,80,2010-02-24,17:47:10.880000
M,27,0737,17,2010-02-24,17:38:46.040000,34,2010-02-24,17:44:32.377000
M,19,0718,4,2010-02-24,17:39:43.480000,16,2010-02-24,17:43:37.533000
M,25,0147,46,2010-02-24,17:57:32.460000,45,2010-02-24,18:12:46.040000
M,27,0706,13,2010-02-24,17:57:54.507000,19,2010-02-24,18:08:24
F,40,0688,20,2010-02-24,18:13:59.430000,20,2010-02-24,18:22:12.437000
M,36,0929,76,2010-02-24,18:15:50.150000,16,2010-02-24,18:27:56.990000
M,38,0922,2,2010-02-24,18:17:28.463000,23,2010-02-24,18:28:40.457000
M,40,0603,17,2010-02-24,18:20:40.310000,34,2010-02-24,18:24:44.533000
M,31,0209,27,2010-02-24,18:23:35.580000,21,2010-02-24,18:32:55.573000
M,33,0530,24,2010-02-24,18:24:46.460000,46,2010-02-24,18:33:07.197000
M,39,0106,55,2010-02-24,18:28:14.707000,74,2010-02-24,18:38:44.063000
M,27,0479,11,2010-02-24,18:32:55.057000,76,2010-02-24,18:58:25.790000
M,33,0607,25,2010-02-24,18:34:22.350000,34,2010-02-24,18:38:12.320000
F,30,0712,49,2010-02-24,18:41:55.437000,45,2010-02-24,18:46:44.423000
F,30,0870,45,2010-02-24,18:50:54.170000,49,2010-02-24,19:07:20.153000
M,23,0136,78,2010-02-24,18:54:19.490000,9,2010-02-24,19:12:26.100000
M,75,0236,18,2010-02-24,19:14:25.310000,20,2010-02-24,19:19:20.590000
M,53,0674,8,2010-02-24,19:23:43.577000,85,2010-02-24,19:34:44.743000
M,61,0298,56,2010-02-24,19:24:13.177000,63,2010-02-24,19:36:33.807000
M,38,0618,20,2010-02-24,19:30:54.130000,4,2010-02-24,19:40:30.417000
M,40,0096,31,2010-02-24,19:38:25.637000,23,2010-02-24,19:48:13.520000
F,45,0244,21,2010-02-24,19:50:59.707000,27,2010-02-24,20:01:36.997000
M,28,0565,14,2010-02-24,20:12:27.240000,13,2010-02-24,20:13:32.093000
M,19,0487,34,2010-02-24,20:22:29.093000,4,2010-02-24,20:32:24.053000
M,28,0279,31,2010-02-24,20:45:54.110000,30,2010-02-24,20:50:48.103000
M,40,0506,4,2010-02-24,21:00:37.607000,6,2010-02-24,21:10:54.910000
M,28,0238,30,2010-02-24,21:07:19.737000,80,2010-02-24,21:35:49.960000
M,37,0777,24,2010-02-24,21:22:02.873000,34,2010-02-24,21:31:27.833000
M,61,0935,63,2010-02-24,21:48:39.657000,56,2010-02-24,21:56:25.710000
M,46,0021,25,2010-02-24,22:44:41.653000,20,2010-02-24,22:50:05.550000
M,28,0676,13,2010-02-24,23:23:14.220000,4,2010-02-24,23:26:32.120000
M,36,0567,34,2010-02-24,23:38:52.007000,76,2010-02-24,23:49:16
M,59,0079,12,2010-02-25,07:05:27.213000,15,2010-02-25,07:14:00.480000
M,28,0150,66,2010-02-25,07:44:16.427000,49,2010-02-25,07:53:19.407000
M,59,0461,2,2010-02-25,07:56:27.487000,17,2010-02-25,08:13:31.587000
M,33,0394,34,2010-02-25,08:34:17.933000,17,2010-02-25,08:41:55.420000
M,31,0640,19,2010-02-25,08:42:39.013000,7,2010-02-25,08:57:09.157000
M,59,0248,5,2010-02-25,08:47:33.697000,2,2010-02-25,08:51:10.357000
M,25,0277,6,2010-02-25,08:50:40.013000,17,2010-02-25,08:54:47.637000
M,40,0916,56,2010-02-25,08:53:51.727000,24,2010-02-25,09:01:21.667000
M,27,0480,34,2010-02-25,08:57:22.610000,11,2010-02-25,09:04:59.067000
M,24,0919,34,2010-02-25,09:00:15.303000,17,2010-02-25,09:06:20.473000
M,32,0468,84,2010-02-25,09:17:37.393000,46,2010-02-25,09:25:53.493000
M,55,0773,21,2010-02-25,09:19:08.910000,18,2010-02-25,09:26:19.383000
M,31,0451,34,2010-02-25,09:39:36.817000,19,2010-02-25,09:48:11.247000
M,32,0555,12,2010-02-25,09:40:08.757000,46,2010-02-25,09:57:09.360000
M,42,0755,22,2010-02-25,09:58:40.817000,26,2010-02-25,10:07:08.113000
M,46,0599,20,2010-02-25,10:11:24.470000,17,2010-02-25,10:15:38.017000
M,37,0707,34,2010-02-25,10:32:10.157000,24,2010-02-25,10:37:48.153000
F,31,0646,18,2010-02-25,10:53:19.470000,17,2010-02-25,10:56:16.313000
M,33,0346,20,2010-02-25,11:07:11.113000,16,2010-02-25,11:20:06.907000
F,31,0009,16,2010-02-25,11:20:10.360000,21,2010-02-25,11:29:06.933000
M,59,0903,2,2010-02-25,11:21:44.880000,85,2010-02-25,11:33:40.627000
M,27,0882,79,2010-02-25,11:22:54.913000,17,2010-02-25,11:38:59.797000
M,25,0702,18,2010-02-25,11:31:25.387000,18,2010-02-25,11:35:01.640000
M,25,0308,18,2010-02-25,11:35:25.420000,42,2010-02-25,11:45:13.247000
M,51,0636,18,2010-02-25,11:53:22.623000,23,2010-02-25,11:56:48.673000
M,74,0781,24,2010-02-25,11:53:45.627000,30,2010-02-25,12:01:11.177000
M,51,0604,23,2010-02-25,12:01:04.567000,25,2010-02-25,12:04:01.620000
M,42,0568,34,2010-02-25,12:25:49.107000,13,2010-02-25,12:39:09.730000
M,57,0623,46,2010-02-25,12:47:52.750000,66,2010-02-25,13:00:51.857000
M,37,0595,13,2010-02-25,13:04:39.493000,14,2010-02-25,13:07:29.513000
M,37,0726,14,2010-02-25,13:07:47.733000,13,2010-02-25,13:36:49.490000
M,42,0074,85,2010-02-25,13:12:39.673000,85,2010-02-25,13:25:40.480000
M,32,0664,26,2010-02-25,13:18:36.507000,50,2010-02-25,13:29:47.717000
M,28,0224,21,2010-02-25,13:20:53.960000,4,2010-02-25,13:26:04.323000
M,32,0622,46,2010-02-25,13:23:32.443000,26,2010-02-25,13:32:20.440000
M,21,0313,20,2010-02-25,13:35:14.313000,18,2010-02-25,13:39:32.730000
M,53,0614,22,2010-02-25,13:40:09.527000,45,2010-02-25,13:45:48.980000
M,28,0053,9,2010-02-25,13:52:48.713000,60,2010-02-25,14:11:52.287000
M,33,0339,8,2010-02-25,13:53:35.283000,20,2010-02-25,14:05:46.933000
M,25,0754,5,2010-02-25,14:04:49.603000,30,2010-02-25,14:16:45.077000
F,35,0576,17,2010-02-25,14:05:03.307000,34,2010-02-25,14:20:47.303000
M,53,0290,17,2010-02-25,14:05:15.293000,15,2010-02-25,14:30:21.463000
M,40,0037,17,2010-02-25,14:05:25.247000,15,2010-02-25,14:30:14.447000
M,24,0217,17,2010-02-25,14:05:33.323000,15,2010-02-25,14:35:41.477000
M,23,0942,17,2010-02-25,14:05:48.260000,15,2010-02-25,14:35:54.570000
M,38,0081,49,2010-02-25,14:33:51.643000,52,2010-02-25,14:36:54.037000
M,38,0075,52,2010-02-25,14:47:31.450000,49,2010-02-25,15:05:23.947000
F,27,0825,85,2010-02-25,14:50:47.670000,5,2010-02-25,15:03:53.023000
M,25,0017,30,2010-02-25,14:54:55.183000,5,2010-02-25,15:22:31.413000
M,59,0307,8,2010-02-25,15:02:45.733000,12,2010-02-25,15:09:25.267000
F,53,0564,85,2010-02-25,15:02:53.663000,34,2010-02-25,15:14:11.127000
M,34,0196,85,2010-02-25,15:03:13.117000,34,2010-02-25,15:14:23.847000
M,40,0649,20,2010-02-25,15:04:42.463000,34,2010-02-25,15:11:43.373000
M,40,0678,16,2010-02-25,15:06:05.273000,7,2010-02-25,15:15:12.847000
M,28,0890,66,2010-02-25,15:18:31.600000,5,2010-02-25,15:36:04.800000
M,51,0612,18,2010-02-25,15:20:35.963000,31,2010-02-25,15:33:31.173000
M,32,0160,39,2010-02-25,15:26:03.960000,46,2010-02-25,15:55:17.760000
M,40,0558,21,2010-02-25,15:39:18.177000,16,2010-02-25,15:44:38.463000
F,33,0531,24,2010-02-25,15:40:52.573000,24,2010-02-25,15:59:50.990000
M,25,0674,85,2010-02-25,15:43:03.680000,13,2010-02-25,16:05:55.540000
F,26,0903,85,2010-02-25,15:43:17.977000,13,2010-02-25,16:06:27.073000
M,31,0074,85,2010-02-25,15:43:29.430000,19,2010-02-25,15:50:36.763000
M,39,0931,25,2010-02-25,15:48:06.637000,31,2010-02-25,15:54:19.017000
M,27,0284,18,2010-02-25,15:49:29.093000,11,2010-02-25,15:55:55.827000
M,51,0170,31,2010-02-25,15:53:48.110000,18,2010-02-25,15:57:51.110000
M,38,0891,2,2010-02-25,15:54:13.820000,23,2010-02-25,16:02:56.587000
M,31,0478,34,2010-02-25,16:03:33.373000,83,2010-02-25,16:16:03.860000
M,43,0815,23,2010-02-25,16:08:02.183000,23,2010-02-25,16:14:08.063000
M,19,0860,4,2010-02-25,16:09:27.950000,19,2010-02-25,16:23:35.600000
M,39,0140,31,2010-02-25,16:13:04.577000,17,2010-02-25,16:18:19.563000
M,33,0743,20,2010-02-25,16:19:45.253000,13,2010-02-25,16:31:41.843000
M,42,0725,14,2010-02-25,16:28:07.993000,30,2010-02-25,16:39:48.473000
F,45,0521,21,2010-02-25,16:28:52.043000,27,2010-02-25,16:43:20.087000
F,30,0269,49,2010-02-25,16:46:07.853000,49,2010-02-25,17:08:33.917000
M,45,0809,35,2010-02-25,16:47:18.963000,15,2010-02-25,16:55:26.947000
M,38,0613,34,2010-02-25,16:55:57.963000,34,2010-02-25,17:08:02.367000
M,19,0222,27,2010-02-25,16:57:14.050000,80,2010-02-25,17:22:41.023000
M,55,0645,18,2010-02-25,16:57:21.547000,15,2010-02-25,17:03:16.810000
M,40,0672,85,2010-02-25,17:15:57.283000,75,2010-02-25,17:35:57.853000
M,25,0908,42,2010-02-25,17:18:24.533000,26,2010-02-25,17:26:08.237000
M,45,0101,15,2010-02-25,17:24:22.570000,85,2010-02-25,17:38:22.767000
M,35,0246,63,2010-02-25,17:34:38.563000,63,2010-02-25,17:39:54.987000
M,19,0041,80,2010-02-25,17:36:24.737000,78,2010-02-25,17:47:22.770000
M,37,0920,55,2010-02-25,17:38:49.923000,68,2010-02-25,17:51:00.060000
M,37,0807,85,2010-02-25,17:39:10.363000,85,2010-02-25,17:51:04.543000
M,34,0503,6,2010-02-25,17:40:12,6,2010-02-25,17:45:55
M,25,0917,18,2010-02-25,17:44:03.620000,42,2010-02-25,17:51:31.013000
M,42,0139,30,2010-02-25,17:48:11.163000,14,2010-02-25,17:57:32.450000
M,40,0015,17,2010-02-25,17:53:05.860000,34,2010-02-25,17:58:54.280000
M,45,0054,2,2010-02-25,17:55:46.687000,2,2010-02-25,18:25:54.867000
M,27,0834,11,2010-02-25,17:57:20.793000,45,2010-02-25,18:15:47.750000
M,32,0431,26,2010-02-25,18:09:02.790000,46,2010-02-25,18:20:56.457000
F,33,0621,22,2010-02-25,18:13:39.093000,43,2010-02-25,18:27:05.203000
M,31,0039,27,2010-02-25,18:18:35.550000,21,2010-02-25,18:28:21.180000
M,27,0785,45,2010-02-25,18:27:04.900000,76,2010-02-25,18:40:09.750000
M,27,0492,17,2010-02-25,18:27:42.033000,34,2010-02-25,18:32:35.577000
M,54,0406,9,2010-02-25,18:35:46.990000,17,2010-02-25,18:47:18.110000
M,54,0523,17,2010-02-25,18:57:22.523000,20,2010-02-25,19:08:51.120000
M,74,0286,26,2010-02-25,19:13:21.843000,24,2010-02-25,19:20:23.703000
M,25,0538,21,2010-02-25,19:18:01.877000,31,2010-02-25,19:35:09.690000
F,26,0851,21,2010-02-25,19:18:14.797000,31,2010-02-25,19:35:45.567000
M,43,0562,16,2010-02-25,19:25:38.183000,84,2010-02-25,19:39:35.840000
M,53,0766,23,2010-02-25,19:37:06.547000,85,2010-02-25,19:51:15.387000
M,28,0044,80,2010-02-25,19:51:03.137000,27,2010-02-25,20:21:54.863000
M,54,0425,20,2010-02-25,19:51:06.663000,11,2010-02-25,19:56:03.373000
M,24,0450,17,2010-02-25,19:56:05.907000,34,2010-02-25,20:03:18.083000
M,54,0580,11,2010-02-25,19:56:29.263000,11,2010-02-25,20:13:03.120000
F,33,0289,17,2010-02-25,20:03:54.490000,19,2010-02-25,20:10:40.413000
M,75,0071,15,2010-02-25,20:39:17.680000,20,2010-02-25,20:50:07.677000
M,25,0065,17,2010-02-25,20:53:07.450000,85,2010-02-25,21:00:19.033000
M,28,0449,27,2010-02-25,21:12:56.430000,31,2010-02-25,21:16:49.143000
M,31,0561,80,2010-02-25,21:21:50.767000,63,2010-02-25,21:27:49.793000
M,28,0152,30,2010-02-25,21:31:15.197000,80,2010-02-25,21:51:46.060000
M,19,0148,78,2010-02-25,21:35:02.887000,75,2010-02-25,21:36:34.153000
M,19,0457,75,2010-02-25,21:36:44.170000,4,2010-02-25,21:54:55.073000
M,56,316,15,2010-02-25,21:56:10.750000,72,2010-02-25,22:10:16.783000
M,59,0112,20,2010-02-26,07:07:49.687000,15,2010-02-26,07:14:02.483000
M,43,0537,13,2010-02-26,07:30:27.583000,9,2010-02-26,07:37:54.587000
M,37,0248,2,2010-02-26,07:32:19.037000,2,2010-02-26,07:46:08.267000
M,28,0481,74,2010-02-26,07:32:32.323000,49,2010-02-26,07:40:45.810000
M,59,0054,2,2010-02-26,07:46:41.703000,2,2010-02-26,08:10:04.143000
M,59,0937,9,2010-02-26,08:20:43.967000,2,2010-02-26,08:26:18.063000
M,32,0113,84,2010-02-26,08:24:28.443000,46,2010-02-26,08:50:41.967000
M,51,0798,83,2010-02-26,08:24:35.467000,78,2010-02-26,08:27:49.453000
M,53,0498,12,2010-02-26,08:24:51.763000,15,2010-02-26,08:46:23.483000
M,33,0682,34,2010-02-26,08:28:59.580000,17,2010-02-26,08:34:26.293000
F,26,0248,2,2010-02-26,08:34:19.130000,13,2010-02-26,08:58:45.043000
M,43,0553,50,2010-02-26,08:39:22.213000,24,2010-02-26,08:46:36.853000
M,25,0251,20,2010-02-26,08:47:37.907000,13,2010-02-26,08:59:18.340000
M,51,0883,78,2010-02-26,08:57:32.913000,84,2010-02-26,09:05:43.793000
M,27,0679,34,2010-02-26,08:57:43.430000,11,2010-02-26,09:04:36.560000
M,24,0680,34,2010-02-26,08:58:34.040000,17,2010-02-26,09:04:19.163000
M,25,0495,6,2010-02-26,09:00:00.887000,17,2010-02-26,09:04:25.523000
F,33,0144,31,2010-02-26,09:07:41.970000,24,2010-02-26,09:16:40.117000
M,39,0852,11,2010-02-26,09:14:31.427000,17,2010-02-26,09:17:41.697000
M,37,579,34,2010-02-26,09:18:53.947000,16,2010-02-26,09:24:26.163000
M,40,0846,56,2010-02-26,09:25:48.073000,17,2010-02-26,09:35:09.737000
M,27,0388,34,2010-02-26,09:26:44.170000,17,2010-02-26,09:32:33.057000
M,42,0101,85,2010-02-26,09:56:08.707000,6,2010-02-26,12:25:48.403000
M,42,0510,13,2010-02-26,10:08:32.390000,31,2010-02-26,10:24:08.607000
M,46,0385,20,2010-02-26,10:15:00.317000,17,2010-02-26,10:19:59.180000
M,33,0688,20,2010-02-26,10:16:32.507000,13,2010-02-26,10:29:31.657000
M,37,0054,2,2010-02-26,10:55:50.020000,2,2010-02-26,11:25:52.840000
M,25,0807,85,2010-02-26,10:58:54.647000,14,2010-02-26,11:06:36.713000
M,64,0464,13,2010-02-26,11:19:25.257000,27,2010-02-26,11:36:09.327000
M,59,0937,2,2010-02-26,11:30:06.907000,14,2010-02-26,11:41:02.900000
M,33,0606,13,2010-02-26,11:34:12.057000,20,2010-02-26,11:47:15.390000
M,64,0005,27,2010-02-26,11:57:44.267000,35,2010-02-26,12:14:26.650000
M,42,0603,34,2010-02-26,12:21:15.213000,14,2010-02-26,12:34:04.737000
F,32,0469,75,2010-02-26,13:04:36.760000,75,2010-02-26,13:21:13.570000
F,36,0560,18,2010-02-26,13:06:33.333000,11,2010-02-26,13:21:36.837000
F,31,0034,12,2010-02-26,13:10:18.623000,12,2010-02-26,13:13:58.363000
F,31,0432,19,2010-02-26,13:18:15.623000,17,2010-02-26,13:26:26.450000
M,64,0407,30,2010-02-26,13:19:01.163000,13,2010-02-26,13:33:18.347000
M,40,0940,10,2010-02-26,13:26:12.387000,85,2010-02-26,13:32:05.250000
M,23,0440,76,2010-02-26,13:35:06.470000,78,2010-02-26,13:44:49.040000
M,59,0491,85,2010-02-26,13:41:59.243000,20,2010-02-26,13:47:02.097000
M,48,0058,74,2010-02-26,13:44:51.573000,63,2010-02-26,13:57:23.050000
M,48,0695,72,2010-02-26,14:03:23.807000,19,2010-02-26,14:22:40.367000
F,51,0653,16,2010-02-26,14:04:55.873000,13,2010-02-26,14:13:21.127000
M,40,0135,85,2010-02-26,14:13:44.220000,10,2010-02-26,14:19:44.257000
M,51,0585,18,2010-02-26,14:14:32.833000,80,2010-02-26,14:30:57.057000
F,38,0848,46,2010-02-26,14:21:17.930000,45,2010-02-26,14:25:15.087000
M,26,0932,19,2010-02-26,14:25:04.450000,24,2010-02-26,14:43:38.087000
M,48,0236,20,2010-02-26,14:34:07.737000,85,2010-02-26,14:39:27.530000
M,43,0342,16,2010-02-26,14:46:36.860000,85,2010-02-26,14:59:20.060000
M,51,0631,83,2010-02-26,14:54:13.783000,18,2010-02-26,15:11:05.560000
M,30,0669,85,2010-02-26,14:57:20.837000,6,2010-02-26,15:02:09.367000
M,40,0123,16,2010-02-26,14:57:25.853000,60,2010-02-26,15:16:48.533000
M,53,0827,16,2010-02-26,14:57:39.730000,60,2010-02-26,17:05:26.903000
M,23,0153,16,2010-02-26,14:57:55.200000,60,2010-02-26,15:16:38.690000
M,24,0703,16,2010-02-26,14:58:16.840000,60,2010-02-26,15:16:04.363000
M,36,0127,84,2010-02-26,14:59:17.233000,74,2010-02-26,15:04:47.277000
M,34,0379,16,2010-02-26,14:59:52.157000,30,2010-02-26,15:40:34.360000
M,59,0120,8,2010-02-26,15:01:07.680000,12,2010-02-26,15:05:38.493000
M,28,0524,10,2010-02-26,15:02:59.617000,10,2010-02-26,15:06:38.260000
M,30,0506,6,2010-02-26,15:06:51.527000,6,2010-02-26,15:16:06.097000
M,27,0504,11,2010-02-26,15:09:43.683000,22,2010-02-26,15:19:03.550000
M,32,0076,46,2010-02-26,15:11:43.297000,46,2010-02-26,15:39:45.553000
F,27,0485,85,2010-02-26,15:17:17.963000,18,2010-02-26,15:32:31.907000
M,43,0766,85,2010-02-26,15:18:41.653000,30,2010-02-26,15:46:22.950000
M,40,0065,85,2010-02-26,15:28:51.190000,85,2010-02-26,15:38:13.980000
M,28,0220,5,2010-02-26,15:29:42.420000,7,2010-02-26,15:38:11.337000
M,45,0890,5,2010-02-26,15:29:52.483000,7,2010-02-26,15:38:21.260000
M,31,0607,34,2010-02-26,15:35:11.347000,83,2010-02-26,15:46:47.447000
F,48,0236,85,2010-02-26,15:41:00.187000,35,2010-02-26,15:56:28.347000
F,45,0748,21,2010-02-26,15:42:00.660000,27,2010-02-26,15:51:51.837000
M,24,0214,60,2010-02-26,15:51:56.013000,24,2010-02-26,16:13:54.500000
M,23,0211,60,2010-02-26,15:52:12.483000,24,2010-02-26,16:14:14.453000
M,40,0213,60,2010-02-26,15:52:29.250000,24,2010-02-26,16:13:59.827000
M,26,0673,26,2010-02-26,15:53:06.437000,11,2010-02-26,16:01:12.303000
F,51,0844,14,2010-02-26,15:53:48.687000,16,2010-02-26,15:58:14.963000
M,43,0192,30,2010-02-26,15:56:43.503000,16,2010-02-26,16:01:57.283000
M,31,0764,21,2010-02-26,15:56:54.910000,19,2010-02-26,16:07:11.263000
M,25,0503,6,2010-02-26,16:05:27.673000,42,2010-02-26,16:18:32.150000
M,45,0629,8,2010-02-26,16:20:58.937000,6,2010-02-26,16:37:36.523000
M,28,0505,8,2010-02-26,16:21:12.280000,6,2010-02-26,17:48:12.700000
F,26,0342,85,2010-02-26,16:29:05.810000,34,2010-02-26,16:58:09.397000
M,24,0940,85,2010-02-26,16:29:19.013000,34,2010-02-26,16:59:23.837000
M,31,0004,85,2010-02-26,16:32:50.503000,19,2010-02-26,16:43:01.893000
M,53,0866,23,2010-02-26,16:37:11.787000,85,2010-02-26,16:47:17.390000
M,37,0417,9,2010-02-26,16:38:58.417000,18,2010-02-26,16:48:57.280000
M,25,0814,39,2010-02-26,16:40:57.263000,6,2010-02-26,16:51:06.690000
M,59,0501,2,2010-02-26,16:46:32.293000,18,2010-02-26,17:08:43.983000
M,40,0756,45,2010-02-26,17:01:47.633000,27,2010-02-26,17:12:38.320000
M,41,0777,34,2010-02-26,17:03:13.900000,34,2010-02-26,17:10:46.017000
M,25,0802,6,2010-02-26,17:03:48.010000,6,2010-02-26,18:31:36.280000
M,37,0408,6,2010-02-26,17:15:14.427000,9,2010-02-26,17:21:51.843000
F,40,0132,4,2010-02-26,17:17:02.877000,4,2010-02-26,17:24:40.363000
M,36,0171,84,2010-02-26,17:34:33.643000,46,2010-02-26,17:41:14.910000
M,37,0021,20,2010-02-26,17:37:59.923000,8,2010-02-26,17:58:52.410000
M,27,0605,17,2010-02-26,17:41:14.757000,34,2010-02-26,17:46:48.387000
M,42,0735,15,2010-02-26,17:54:41.357000,18,2010-02-26,18:01:08.617000
M,56,0598,85,2010-02-26,18:00:19.523000,85,2010-02-26,18:25:56.470000
M,59,0824,5,2010-02-26,18:11:03.233000,2,2010-02-26,18:57:45.740000
M,37,0843,9,2010-02-26,18:11:11.687000,85,2010-02-26,18:20:39.473000
M,32,0013,19,2010-02-26,18:15:30.097000,16,2010-02-26,18:21:45.260000
M,23,0323,82,2010-02-26,18:31:42.437000,59,2010-02-26,18:51:24.017000
M,32,0722,15,2010-02-26,18:33:17.160000,31,2010-02-26,18:42:04.260000
M,33,0738,22,2010-02-26,18:39:40.773000,25,2010-02-26,18:44:16.733000
M,36,0610,46,2010-02-26,18:44:27.827000,46,2010-02-26,18:54:31.320000
M,51,0172,83,2010-02-26,18:59:59.487000,63,2010-02-26,19:07:51.263000
M,23,0323,59,2010-02-26,19:02:13.383000,59,2010-02-26,22:54:38.280000
M,31,0353,20,2010-02-26,19:07:59.303000,21,2010-02-26,19:18:18.443000
M,42,0921,26,2010-02-26,19:10:39.390000,22,2010-02-26,19:18:51.037000
M,25,805,21,2010-02-26,19:11:06.500000,27,2010-02-26,19:26:41.590000
F,26,0749,21,2010-02-26,19:11:19.563000,27,2010-02-26,19:27:06.107000
M,31,0141,21,2010-02-26,19:11:35.123000,27,2010-02-26,19:26:07.713000
M,32,0632,46,2010-02-26,19:14:30.490000,84,2010-02-26,19:31:12.703000
M,40,0278,52,2010-02-26,19:17:05.497000,66,2010-02-26,19:21:44.600000
M,40,0027,68,2010-02-26,19:36:03.867000,52,2010-02-26,19:44:33.527000
M,62,0677,13,2010-02-26,19:37:46.957000,27,2010-02-26,19:45:55.260000
M,54,0339,20,2010-02-26,19:39:47.173000,11,2010-02-26,19:44:19.150000
F,33,0394,17,2010-02-26,19:53:34.657000,20,2010-02-26,19:59:30.280000
M,42,0139,14,2010-02-26,20:01:22.083000,14,2010-02-26,20:18:06.950000
M,36,0093,46,2010-02-26,20:03:23.493000,84,2010-02-26,20:16:02.783000
M,43,0108,16,2010-02-26,20:03:41.713000,46,2010-02-26,20:17:28.040000
M,28,0584,4,2010-02-26,20:11:01.370000,6,2010-02-26,20:24:02.243000
F,27,22,4,2010-02-26,20:11:14.747000,6,2010-02-26,20:24:47.023000
M,43,0618,4,2010-02-26,20:17:02.663000,27,2010-02-26,20:24:19.087000
M,31,0404,19,2010-02-26,20:22:48.773000,31,2010-02-26,20:29:39.053000
M,75,0826,15,2010-02-26,20:33:04.263000,20,2010-02-26,20:43:37.383000
M,28,0475,49,2010-02-26,20:34:20.940000,63,2010-02-26,20:38:16.457000
M,28,0800,63,2010-02-26,20:39:30.990000,74,2010-02-26,20:42:35.913000
M,19,0457,4,2010-02-26,20:42:25.350000,27,2010-02-26,20:51:54.763000
M,28,0609,74,2010-02-26,20:42:41.537000,74,2010-02-26,21:01:04.100000
M,28,0427,6,2010-02-26,20:49:01.323000,4,2010-02-26,20:58:53.557000
F,27,0506,6,2010-02-26,20:49:13.747000,4,2010-02-26,21:02:12.737000
M,39,0420,17,2010-02-26,20:50:46.150000,11,2010-02-26,20:57:26.503000
M,46,0599,17,2010-02-26,21:25:07.900000,31,2010-02-26,21:33:04.730000
M,19,990004,31,2010-02-26,21:27:38.390000,17,2010-02-26,21:49:40.440000
M,62,0099,27,2010-02-26,21:58:50.690000,13,2010-02-26,22:10:58.230000
M,40,0864,27,2010-02-26,22:07:39.993000,27,2010-02-26,22:10:18.060000
M,40,0792,27,2010-02-26,22:10:46.653000,55,2010-02-26,22:28:13.790000
M,19,0646,17,2010-02-26,22:10:48.973000,8,2010-02-26,22:25:37.023000
M,38,0494,50,2010-02-26,22:34:52.420000,74,2010-02-26,23:17:48.377000
F,27,0693,66,2010-02-26,22:40:45.137000,66,2010-02-26,23:03:37.690000
M,43,0476,27,2010-02-26,22:46:58.180000,4,2010-02-26,22:54:36.277000
M,43,0718,16,2010-02-27,07:07:38.467000,27,2010-02-27,07:29:50.483000
M,62,509,13,2010-02-27,08:40:32.543000,21,2010-02-27,08:48:44.297000
M,39,0784,56,2010-02-27,08:54:28.577000,74,2010-02-27,09:06:26.743000
M,24,0329,6,2010-02-27,09:43:52.727000,31,2010-02-27,09:51:07.583000
M,34,0681,84,2010-02-27,11:28:06.367000,83,2010-02-27,11:32:53.847000
F,41,0138,63,2010-02-27,11:32:14.207000,75,2010-02-27,11:40:06.173000
M,19,0392,12,2010-02-27,12:06:21.090000,17,2010-02-27,12:17:26.093000
M,21,0245,12,2010-02-27,12:06:33.510000,17,2010-02-27,12:16:40.467000
M,48,0371,85,2010-02-27,12:07:53.270000,2,2010-02-27,12:22:24.377000
M,32,0412,85,2010-02-27,12:11:22.713000,85,2010-02-27,12:13:30.417000
F,39,0006,85,2010-02-27,12:26:48.553000,85,2010-02-27,12:29:48.867000
M,19,0882,17,2010-02-27,12:28:13.773000,50,2010-02-27,12:41:26.563000
M,21,0140,17,2010-02-27,12:28:26.603000,50,2010-02-27,12:41:32.580000
M,55,0853,79,2010-02-27,12:28:45.773000,79,2010-02-27,12:58:31.890000
M,75,0601,23,2010-02-27,12:36:45.340000,27,2010-02-27,12:44:49.123000
M,19,0433,50,2010-02-27,12:52:50.540000,60,2010-02-27,13:02:09.053000
M,21,0347,50,2010-02-27,12:53:01.430000,60,2010-02-27,13:02:17.867000
M,75,0898,27,2010-02-27,13:03:22.243000,23,2010-02-27,13:13:11.103000
F,27,0576,34,2010-02-27,13:07:50.333000,66,2010-02-27,13:23:23.393000
M,55,0856,79,2010-02-27,13:08:38.443000,56,2010-02-27,13:36:41.620000
M,48,0858,2,2010-02-27,13:19:11.970000,9,2010-02-27,13:21:42.020000
M,29,0843,85,2010-02-27,13:27:07.253000,85,2010-02-27,13:42:52.237000
M,75,0598,85,2010-02-27,13:38:52.997000,16,2010-02-27,13:49:52.333000
M,42,0865,15,2010-02-27,13:40:03.813000,20,2010-02-27,13:50:16.947000
M,24,0107,31,2010-02-27,13:42:28.023000,6,2010-02-27,13:48:23.363000
M,55,0915,56,2010-02-27,13:50:30.070000,79,2010-02-27,14:10:17.023000
M,34,0322,83,2010-02-27,14:06:25.520000,7,2010-02-27,14:23:38.960000
M,37,0467,9,2010-02-27,14:06:36.267000,15,2010-02-27,14:12:14.387000
M,37,0072,50,2010-02-27,14:08:01.927000,50,2010-02-27,14:10:31.380000
M,29,0412,85,2010-02-27,14:13:17.337000,85,2010-02-27,14:16:37.853000
M,42,0644,26,2010-02-27,14:16:08.523000,26,2010-02-27,14:19:31.403000
M,56,0031,48,2010-02-27,14:19:46.700000,48,2010-02-27,14:25:43.503000
M,42,0768,26,2010-02-27,14:20:08.703000,21,2010-02-27,14:30:21.117000
M,38,0487,2,2010-02-27,14:20:18.970000,34,2010-02-27,14:32:19.793000
M,27,0642,11,2010-02-27,14:22:19.957000,6,2010-02-27,14:29:44.973000
M,53,0619,22,2010-02-27,14:26:25.207000,20,2010-02-27,14:47:19.077000
M,26,0687,11,2010-02-27,14:39:24.467000,63,2010-02-27,15:09:30.990000
M,42,0648,13,2010-02-27,14:51:53.663000,15,2010-02-27,15:13:29.483000
M,30,0142,85,2010-02-27,15:19:10.807000,6,2010-02-27,15:28:28.923000
M,40,0183,35,2010-02-27,15:19:19.357000,16,2010-02-27,15:24:37.877000
M,48,0929,16,2010-02-27,15:25:42.940000,2,2010-02-27,15:29:41.630000
M,36,0227,84,2010-02-27,15:39:13.607000,16,2010-02-27,15:52:09.617000
M,42,0872,24,2010-02-27,15:44:55.487000,34,2010-02-27,15:54:50.797000
M,28,0751,27,2010-02-27,15:47:10.653000,83,2010-02-27,16:17:13.440000
M,59,0824,2,2010-02-27,16:18:11.120000,5,2010-02-27,16:21:31.263000
M,28,0814,6,2010-02-27,16:21:12.280000,20,2010-02-27,16:25:14.500000
M,59,0017,5,2010-02-27,16:31:42.897000,2,2010-02-27,16:36:27.510000
M,34,0868,7,2010-02-27,17:14:51.133000,20,2010-02-27,17:23:46.203000
M,42,0350,35,2010-02-27,17:17:17.893000,22,2010-02-27,17:28:24.190000
M,18,0006,85,2010-02-27,17:59:25.260000,47,2010-02-27,18:23:58.123000
F,27,0200,66,2010-02-27,18:13:38.257000,60,2010-02-27,18:18:09.593000
F,32,0388,3,2010-02-27,18:56:56.383000,85,2010-02-27,19:10:12.830000
F,59,0682,3,2010-02-27,18:57:15.413000,85,2010-02-27,19:10:26.220000
M,28,0523,20,2010-02-27,19:02:29.513000,6,2010-02-27,19:06:13.707000
M,18,0178,47,2010-02-27,19:12:06.297000,20,2010-02-27,19:29:36.917000
M,46,0176,19,2010-02-27,19:19:24.877000,19,2010-02-27,19:44:05.607000
F,37,0284,11,2010-02-27,20:13:37.310000,10,2010-02-27,20:21:38.753000
M,31,0679,11,2010-02-27,20:13:47.670000,10,2010-02-27,20:21:33.393000
M,38,0224,4,2010-02-27,20:16:17.180000,2,2010-02-27,22:26:33.157000
M,29,0832,66,2010-02-27,20:29:08.617000,75,2010-02-27,20:36:11.867000
M,19,0187,4,2010-02-27,21:06:16.203000,4,2010-02-27,21:12:59.023000
M,46,0354,19,2010-02-27,21:09:32.010000,19,2010-02-27,21:39:40.563000
M,26,0201,45,2010-02-27,21:11:38.917000,11,2010-02-27,21:25:22.960000
M,56,0895,4,2010-02-27,21:12:22.710000,35,2010-02-27,21:23:20.893000
M,19,0132,4,2010-02-27,21:24:47.247000,32,2010-02-27,21:45:52.333000
F,37,0550,9,2010-02-27,21:37:22.123000,11,2010-02-27,21:45:54.287000
M,31,0691,9,2010-02-27,21:37:35.843000,11,2010-02-27,21:46:11.130000
M,69,0156,49,2010-02-27,21:40:46.487000,49,2010-02-27,21:48:32.867000
M,28,0395,18,2010-02-27,21:51:04.433000,5,2010-02-27,21:56:31.717000
M,36,0238,35,2010-02-27,22:04:52.457000,84,2010-02-27,22:16:56.140000
M,40,0338,78,2010-02-27,22:23:45.973000,68,2010-02-27,22:26:40.693000
M,56,0759,72,2010-02-27,22:33:23.030000,59,2010-02-27,22:46:39.437000
M,56,0649,34,2010-02-27,23:01:20.313000,4,2010-02-27,23:09:49.743000
M,38,0676,2,2010-02-28,00:07:49.827000,2,2010-02-28,00:12:14.820000
M,28,0298,63,2010-02-28,00:16:27.143000,55,2010-02-28,00:22:53.907000
M,42,0721,14,2010-02-28,07:16:50.093000,23,2010-02-28,07:31:54.393000
M,31,0305,43,2010-02-28,07:56:08.060000,26,2010-02-28,08:08:28.400000
F,63,0025,22,2010-02-28,08:03:42.210000,18,2010-02-28,08:32:56.527000
M,43,0465,13,2010-02-28,08:24:16.567000,21,2010-02-28,08:45:04.373000
M,42,0783,23,2010-02-28,08:30:44.327000,27,2010-02-28,08:48:55.853000
F,63,0569,25,2010-02-28,08:43:18.397000,19,2010-02-28,09:15:51.103000
M,53,0065,85,2010-02-28,08:44:21.107000,25,2010-02-28,09:02:11.207000
M,53,0813,25,2010-02-28,09:15:14.060000,27,2010-02-28,09:18:56.360000
M,20,0843,85,2010-02-28,09:32:54.237000,27,2010-02-28,09:40:16.457000
M,53,0765,19,2010-02-28,09:52:36.890000,27,2010-02-28,10:07:29.393000
M,31,0357,27,2010-02-28,09:53:56.860000,63,2010-02-28,10:22:13.470000
M,21,0460,27,2010-02-28,09:59:32.140000,26,2010-02-28,10:17:57.043000
M,20,0667,27,2010-02-28,10:01:18.020000,26,2010-02-28,10:18:02.340000
F,37,0560,11,2010-02-28,10:02:37.507000,17,2010-02-28,10:11:27.840000
M,31,0589,11,2010-02-28,10:03:06.337000,17,2010-02-28,10:11:18.527000
M,42,0641,25,2010-02-28,10:07:27.023000,20,2010-02-28,10:30:33.070000
F,63,0673,11,2010-02-28,10:22:28.303000,19,2010-02-28,10:29:00.490000
M,21,0685,26,2010-02-28,10:31:36.293000,26,2010-02-28,10:44:24.133000
M,31,0521,27,2010-02-28,10:41:24.360000,17,2010-02-28,11:53:58.153000
M,59,0825,2,2010-02-28,10:47:55.940000,21,2010-02-28,10:58:03.430000
M,28,0476,4,2010-02-28,10:57:05.280000,4,2010-02-28,10:59:44.843000
F,27,0187,4,2010-02-28,10:57:14.593000,4,2010-02-28,11:00:38.080000
M,31,0044,27,2010-02-28,11:00:17.233000,27,2010-02-28,11:03:49.617000
M,53,0900,19,2010-02-28,11:01:09.783000,25,2010-02-28,11:18:11.467000
M,20,0908,26,2010-02-28,11:01:17.283000,26,2010-02-28,11:09:12.113000
F,27,0690,16,2010-02-28,11:06:08.333000,13,2010-02-28,11:15:38.293000
M,28,0291,16,2010-02-28,11:06:18.600000,13,2010-02-28,11:15:49.403000
M,37,0460,26,2010-02-28,11:10:40.680000,26,2010-02-28,11:12:42.120000
M,32,0071,20,2010-02-28,11:11:16.210000,66,2010-02-28,11:35:23.173000
M,75,0786,23,2010-02-28,11:30:34.787000,17,2010-02-28,11:58:31.587000
M,34,0602,23,2010-02-28,11:30:46.647000,23,2010-02-28,11:59:13.243000
M,21,0685,26,2010-02-28,11:39:15.197000,18,2010-02-28,11:42:19.783000
M,53,0651,25,2010-02-28,11:39:36.140000,25,2010-02-28,11:57:08.577000
M,32,0889,75,2010-02-28,11:48:02.397000,25,2010-02-28,12:09:34.257000
F,40,0748,27,2010-02-28,11:48:49.017000,27,2010-02-28,14:00:42.587000
M,31,0371,2,2010-02-28,12:02:42.970000,27,2010-02-28,12:17:16.817000
M,42,0606,20,2010-02-28,12:04:35.100000,15,2010-02-28,12:14:10.433000
M,34,0680,17,2010-02-28,12:09:15.597000,23,2010-02-28,12:39:36.900000
M,21,0084,26,2010-02-28,12:10:50.410000,27,2010-02-28,12:36:42.970000
M,53,805,27,2010-02-28,12:10:55.990000,19,2010-02-28,12:27:15.980000
M,20,0780,26,2010-02-28,12:12:04.400000,26,2010-02-28,12:14:12.327000
M,75,0713,23,2010-02-28,12:12:42.447000,23,2010-02-28,12:39:34.243000
M,31,0385,17,2010-02-28,12:13:35.730000,27,2010-02-28,13:17:41.003000
M,20,0671,26,2010-02-28,12:14:24.560000,27,2010-02-28,12:36:39.970000
M,31,0432,17,2010-02-28,12:14:49.233000,27,2010-02-28,13:12:28.477000
F,31,0177,14,2010-02-28,12:21:30.953000,14,2010-02-28,12:48:14.630000
M,65,0054,2,2010-02-28,12:28:26.780000,24,2010-02-28,13:02:01.407000
M,38,0772,44,2010-02-28,12:52:43.727000,74,2010-02-28,14:18:07.800000
M,75,0625,23,2010-02-28,12:53:39.870000,23,2010-02-28,13:20:04.930000
M,34,0600,23,2010-02-28,12:53:51.743000,23,2010-02-28,13:10:56.050000
M,31,0749,27,2010-02-28,12:54:26.090000,27,2010-02-28,14:00:23.290000
M,74,0359,8,2010-02-28,13:00:51.200000,18,2010-02-28,13:08:08.240000
F,32,0620,66,2010-02-28,13:01:31.653000,60,2010-02-28,13:07:49.620000
M,31,0752,19,2010-02-28,13:03:07.783000,19,2010-02-28,13:23:34.533000
M,28,0704,13,2010-02-28,13:04:29.767000,85,2010-02-28,13:21:08.480000
F,27,0879,13,2010-02-28,13:04:42.877000,85,2010-02-28,13:20:05.790000
M,20,0170,18,2010-02-28,13:05:32.067000,18,2010-02-28,13:09:59.397000
M,21,0228,18,2010-02-28,13:06:45.817000,18,2010-02-28,13:10:16.287000
M,21,0821,18,2010-02-28,13:10:58.320000,27,2010-02-28,13:26:23.960000
M,20,0702,18,2010-02-28,13:11:08.743000,18,2010-02-28,13:14:36.183000
M,20,0631,18,2010-02-28,13:15:07.417000,27,2010-02-28,13:28:04.823000
F,37,0846,17,2010-02-28,13:28:02.527000,17,2010-02-28,13:30:47.597000
M,31,0461,17,2010-02-28,13:28:20.310000,12,2010-02-28,13:40:35.227000
M,40,0750,22,2010-02-28,13:30:03.630000,16,2010-02-28,13:36:41.750000
F,37,0515,17,2010-02-28,13:30:49.267000,12,2010-02-28,13:40:31.617000
M,40,0617,22,2010-02-28,13:37:29.893000,27,2010-02-28,14:12:22.973000
M,21,0677,27,2010-02-28,13:43:33.860000,20,2010-02-28,14:08:48.523000
M,20,0618,27,2010-02-28,13:43:44.953000,20,2010-02-28,14:08:58.897000
F,32,0842,10,2010-02-28,13:44:42.533000,85,2010-02-28,14:03:11.233000
F,59,0324,10,2010-02-28,13:44:59.347000,85,2010-02-28,14:03:06.153000
M,34,0061,23,2010-02-28,13:50:15.890000,23,2010-02-28,14:16:29.170000
F,33,0663,24,2010-02-28,13:52:01.817000,85,2010-02-28,14:04:28.470000
M,75,0592,23,2010-02-28,13:52:18.897000,23,2010-02-28,14:05:50.693000
M,37,0876,24,2010-02-28,13:52:46.617000,85,2010-02-28,14:04:25.110000
M,28,0829,14,2010-02-28,13:53:38.710000,5,2010-02-28,14:00:20.023000
M,25,0824,5,2010-02-28,14:02:16.480000,74,2010-02-28,14:14:53.493000
F,27,0412,85,2010-02-28,14:03:29.203000,4,2010-02-28,14:17:19.153000
M,28,0866,85,2010-02-28,14:03:50.267000,4,2010-02-28,14:20:28.123000
M,31,0451,19,2010-02-28,14:05:51.753000,19,2010-02-28,14:23:43.763000
M,31,0485,18,2010-02-28,14:13:18.603000,84,2010-02-28,14:55:11.277000
M,31,0828,18,2010-02-28,14:14:40.137000,84,2010-02-28,14:54:57.260000
F,31,0695,18,2010-02-28,14:15:25.840000,76,2010-02-28,14:52:24.767000
M,59,0929,2,2010-02-28,14:18:42.220000,3,2010-02-28,14:24:15.737000
M,25,0057,74,2010-02-28,14:26:08.520000,80,2010-02-28,14:29:12.070000
F,33,0388,85,2010-02-28,14:37:52.733000,24,2010-02-28,14:59:09.160000
M,37,0682,85,2010-02-28,14:38:11.923000,24,2010-02-28,14:58:34.593000
M,32,0346,16,2010-02-28,14:58:29.030000,74,2010-02-28,15:08:40.760000
M,43,0905,9,2010-02-28,15:09:38.430000,27,2010-02-28,15:17:41.247000
M,21,0491,20,2010-02-28,15:21:12.970000,27,2010-02-28,15:28:32.050000
M,20,0495,20,2010-02-28,15:21:19.640000,27,2010-02-28,15:28:51.380000
M,32,0482,75,2010-02-28,15:26:17.160000,78,2010-02-28,15:29:01.943000
M,37,0234,8,2010-02-28,15:37:09.583000,9,2010-02-28,15:40:53.547000
M,59,0919,17,2010-02-28,15:42:06.190000,2,2010-02-28,20:29:11.833000
M,25,0489,83,2010-02-28,15:46:15.400000,83,2010-02-28,15:58:37.930000
F,32,0023,83,2010-02-28,15:49:41.877000,56,2010-02-28,15:57:37.513000
M,20,0864,27,2010-02-28,16:03:29.487000,27,2010-02-28,16:06:52.213000
M,20,0718,27,2010-02-28,16:08:55.047000,20,2010-02-28,16:12:40.210000
M,32,0849,78,2010-02-28,16:09:37.830000,31,2010-02-28,16:29:06.360000
M,25,0478,83,2010-02-28,16:52:17.600000,83,2010-02-28,17:35:07.853000
M,25,0607,83,2010-02-28,17:46:06.907000,83,2010-02-28,18:00:58.670000
M,37,0681,83,2010-02-28,17:48:36.333000,63,2010-02-28,17:56:49.493000
M,32,0427,4,2010-02-28,18:07:07.813000,4,2010-02-28,18:13:02.100000
M,69,0845,4,2010-02-28,18:07:21.503000,4,2010-02-28,18:16:23.727000
M,31,0339,11,2010-02-28,18:11:40.953000,85,2010-02-28,18:16:13.820000
F,37,0420,11,2010-02-28,18:12:04.487000,85,2010-02-28,18:16:30.477000
M,40,0729,16,2010-02-28,18:15:26.150000,35,2010-02-28,18:24:03.767000
F,32,0704,85,2010-02-28,18:50:00.223000,85,2010-02-28,19:06:08.580000
F,59,0324,85,2010-02-28,18:50:12.020000,85,2010-02-28,19:06:20.783000
M,28,0488,80,2010-02-28,19:29:23.393000,25,2010-02-28,19:44:20.703000
M,41,0035,23,2010-02-28,20:06:01.970000,6,2010-02-28,20:11:40.327000
M,38,0047,4,2010-02-28,21:56:23.757000,9,2010-02-28,21:58:46.930000
M,28,0575,25,2010-02-28,22:18:27.257000,25,2010-02-28,22:21:50.650000
M,28,0378,25,2010-02-28,22:21:52.213000,80,2010-02-28,22:38:42.710000
M,28,0561,63,2010-02-28,23:13:38.213000,4,2010-02-28,23:30:06.960000
M,38,0901,9,2010-02-28,23:14:37.950000,4,2010-02-28,23:37:57.917000
F,27,0333,63,2010-02-28,23:14:46.900000,4,2010-02-28,23:30:11.413000
M,25,0067,66,2010-02-14,12:41:04.480000,18,2010-02-16,10:24:36.550000
M,30,0069,76,2010-02-16,15:44:56.347000,7,2010-02-17,21:58:35.863000
F,25,0607,20,2010-02-16,17:03:13.377000,25,2010-02-17,12:40:50.463000
M,31,0432,85,2010-02-18,14:14:51.553000,18,2010-02-19,04:33:14.933000
M,23,0860,44,2010-02-18,16:41:50.760000,76,2010-02-20,03:35:14.383000
M,30,0874,85,2010-02-22,12:11:46.133000,10,2010-02-24,10:04:19.577000
M,32,0907,11,2010-02-23,10:57:31.167000,23,2010-02-24,17:35:30.510000
F,35,0335,55,2010-02-23,18:58:15,23,2010-02-24,17:35:30.807000
M,51,0055,27,2010-02-24,18:39:43,80,2010-02-25,05:31:43.423000
M,47,0639,18,2010-02-25,15:18:46.317000,6,2010-02-26,02:22:29.673000
M,34,0541,6,2010-02-25,20:04:04.850000,6,2010-02-26,02:22:29.377000
M,31,0343,2,2010-02-25,21:07:32.287000,1000,2010-02-27,11:48:29.200000
M,28,0539,84,2010-02-27,23:56:00.653000,63,2010-02-28,00:02:17.267000
